Workbook
Name Instrumentalist: 'Lookup tables'!$K$1:$N$5

Sheet Recent Bhajans
A1: =IFERROR(__xludf.DUMMYFUNCTION("QUERY('Singer Roster'!D2:D1000, ""select D, count(D) where D is not null group by D label D 'Bhajan', count(D) 'Count'"")"),"Bhajan") -> Bhajan | B1: =IFERROR(__xludf.DUMMYFUNCTION("""COMPUTED_VALUE"""),"Count") -> Count | C1: {={"Deity"; IF(A2:A1000="", "", IFERROR(VLOOKUP(A2:A1000, 'Bhajan Masterlist'!B:G, 6, FALSE), ""))}} -> Deity
A2: =IFERROR(__xludf.DUMMYFUNCTION("""COMPUTED_VALUE"""),"Aao Aao Nandalala") -> Aao Aao Nandalala | B2: =IFERROR(__xludf.DUMMYFUNCTION("""COMPUTED_VALUE"""),1.0) -> 1 | C2: Krishna
A3: =IFERROR(__xludf.DUMMYFUNCTION("""COMPUTED_VALUE"""),"Aao Aao Sai Pyaarey") -> Aao Aao Sai Pyaarey | B3: =IFERROR(__xludf.DUMMYFUNCTION("""COMPUTED_VALUE"""),2.0) -> 2 | C3: Sai
A4: =IFERROR(__xludf.DUMMYFUNCTION("""COMPUTED_VALUE"""),"Aao Gopala Giridhari") -> Aao Gopala Giridhari | B4: =IFERROR(__xludf.DUMMYFUNCTION("""COMPUTED_VALUE"""),1.0) -> 1 | C4: Krishna
A5: =IFERROR(__xludf.DUMMYFUNCTION("""COMPUTED_VALUE"""),"Aao Pyaarey Nayana Hamarey") -> Aao Pyaarey Nayana Hamarey | B5: =IFERROR(__xludf.DUMMYFUNCTION("""COMPUTED_VALUE"""),1.0) -> 1 | C5: Sai
A6: =IFERROR(__xludf.DUMMYFUNCTION("""COMPUTED_VALUE"""),"Abhayankara Sai Shiva") -> Abhayankara Sai Shiva | B6: =IFERROR(__xludf.DUMMYFUNCTION("""COMPUTED_VALUE"""),1.0) -> 1 | C6: Shiva
A7: =IFERROR(__xludf.DUMMYFUNCTION("""COMPUTED_VALUE"""),"Adi Poojya Deva Gajanana") -> Adi Poojya Deva Gajanana | B7: =IFERROR(__xludf.DUMMYFUNCTION("""COMPUTED_VALUE"""),1.0) -> 1 | C7: Ganesha
A8: =IFERROR(__xludf.DUMMYFUNCTION("""COMPUTED_VALUE"""),"Akhila Jagat Ke Daata Sai") -> Akhila Jagat Ke Daata Sai | B8: =IFERROR(__xludf.DUMMYFUNCTION("""COMPUTED_VALUE"""),2.0) -> 2 | C8: Sai
A9: =IFERROR(__xludf.DUMMYFUNCTION("""COMPUTED_VALUE"""),"Amba Bhavani Shiva Shambhu Kumara") -> Amba Bhavani Shiva Shambhu Kumara | B9: =IFERROR(__xludf.DUMMYFUNCTION("""COMPUTED_VALUE"""),1.0) -> 1 | C9: Ganesha
A10: =IFERROR(__xludf.DUMMYFUNCTION("""COMPUTED_VALUE"""),"Amba Shankari Parameshwari Shashi Shekari") -> Amba Shankari Parameshwari Shashi Shekari | B10: =IFERROR(__xludf.DUMMYFUNCTION("""COMPUTED_VALUE"""),3.0) -> 3 | C10: Devi
A11: =IFERROR(__xludf.DUMMYFUNCTION("""COMPUTED_VALUE"""),"Ambika Tanaya Gajanana") -> Ambika Tanaya Gajanana | B11: =IFERROR(__xludf.DUMMYFUNCTION("""COMPUTED_VALUE"""),6.0) -> 6 | C11: Ganesha
A12: =IFERROR(__xludf.DUMMYFUNCTION("""COMPUTED_VALUE"""),"Ananda Ram Ananda Shyam") -> Ananda Ram Ananda Shyam | B12: =IFERROR(__xludf.DUMMYFUNCTION("""COMPUTED_VALUE"""),2.0) -> 2 | C12: Narayana
A13: =IFERROR(__xludf.DUMMYFUNCTION("""COMPUTED_VALUE"""),"Anandamaya Bhagawan") -> Anandamaya Bhagawan | B13: =IFERROR(__xludf.DUMMYFUNCTION("""COMPUTED_VALUE"""),1.0) -> 1 | C13: Sai
A14: =IFERROR(__xludf.DUMMYFUNCTION("""COMPUTED_VALUE"""),"Anandamey Sai Naamamey") -> Anandamey Sai Naamamey | B14: =IFERROR(__xludf.DUMMYFUNCTION("""COMPUTED_VALUE"""),1.0) -> 1 | C14: Sai
A15: =IFERROR(__xludf.DUMMYFUNCTION("""COMPUTED_VALUE"""),"Anantha Premamrutha Sai") -> Anantha Premamrutha Sai | B15: =IFERROR(__xludf.DUMMYFUNCTION("""COMPUTED_VALUE"""),1.0) -> 1 | C15: Sai
A16: =IFERROR(__xludf.DUMMYFUNCTION("""COMPUTED_VALUE"""),"Anatha Bandho Sai Prabho") -> Anatha Bandho Sai Prabho | B16: =IFERROR(__xludf.DUMMYFUNCTION("""COMPUTED_VALUE"""),1.0) -> 1 | C16: Sai
A17: =IFERROR(__xludf.DUMMYFUNCTION("""COMPUTED_VALUE"""),"Antar Jyothi Jalao Sai") -> Antar Jyothi Jalao Sai | B17: =IFERROR(__xludf.DUMMYFUNCTION("""COMPUTED_VALUE"""),1.0) -> 1 | C17: Sai
A18: =IFERROR(__xludf.DUMMYFUNCTION("""COMPUTED_VALUE"""),"Antaranga Sai Anatha Natha Sai") -> Antaranga Sai Anatha Natha Sai | B18: =IFERROR(__xludf.DUMMYFUNCTION("""COMPUTED_VALUE"""),1.0) -> 1 | C18: Sai
A19: =IFERROR(__xludf.DUMMYFUNCTION("""COMPUTED_VALUE"""),"Antaryami Sai") -> Antaryami Sai | B19: =IFERROR(__xludf.DUMMYFUNCTION("""COMPUTED_VALUE"""),2.0) -> 2 | C19: Sai
A20: =IFERROR(__xludf.DUMMYFUNCTION("""COMPUTED_VALUE"""),"Araj Suno Merey Parama Krupalu") -> Araj Suno Merey Parama Krupalu | B20: =IFERROR(__xludf.DUMMYFUNCTION("""COMPUTED_VALUE"""),1.0) -> 1 | C20: Sai
A21: =IFERROR(__xludf.DUMMYFUNCTION("""COMPUTED_VALUE"""),"Aruna Ramana Sri Guru Deva") -> Aruna Ramana Sri Guru Deva | B21: =IFERROR(__xludf.DUMMYFUNCTION("""COMPUTED_VALUE"""),1.0) -> 1 | C21: Guru
A22: =IFERROR(__xludf.DUMMYFUNCTION("""COMPUTED_VALUE"""),"Arunachala Shiva, Arunachala Shiva") -> Arunachala Shiva, Arunachala Shiva | B22: =IFERROR(__xludf.DUMMYFUNCTION("""COMPUTED_VALUE"""),1.0) -> 1 | C22: Shiva
A23: =IFERROR(__xludf.DUMMYFUNCTION("""COMPUTED_VALUE"""),"Atma Lingam Bhajorey") -> Atma Lingam Bhajorey | B23: =IFERROR(__xludf.DUMMYFUNCTION("""COMPUTED_VALUE"""),2.0) -> 2 | C23: Shiva
A24: =IFERROR(__xludf.DUMMYFUNCTION("""COMPUTED_VALUE"""),"Atma Ram Ananda Dham") -> Atma Ram Ananda Dham | B24: =IFERROR(__xludf.DUMMYFUNCTION("""COMPUTED_VALUE"""),1.0) -> 1 | C24: Rama
A25: =IFERROR(__xludf.DUMMYFUNCTION("""COMPUTED_VALUE"""),"Ayodhya Shiromani Dasharatha Rama") -> Ayodhya Shiromani Dasharatha Rama | B25: =IFERROR(__xludf.DUMMYFUNCTION("""COMPUTED_VALUE"""),2.0) -> 2 | C25: Rama
A26: =IFERROR(__xludf.DUMMYFUNCTION("""COMPUTED_VALUE"""),"Ayodhya Vasi Ram Ram Ram") -> Ayodhya Vasi Ram Ram Ram | B26: =IFERROR(__xludf.DUMMYFUNCTION("""COMPUTED_VALUE"""),1.0) -> 1 | C26: Rama
A27: =IFERROR(__xludf.DUMMYFUNCTION("""COMPUTED_VALUE"""),"Ayodhya Vihari Sri Rama Rama") -> Ayodhya Vihari Sri Rama Rama | B27: =IFERROR(__xludf.DUMMYFUNCTION("""COMPUTED_VALUE"""),2.0) -> 2 | C27: Rama, Krishna
A28: =IFERROR(__xludf.DUMMYFUNCTION("""COMPUTED_VALUE"""),"Baar Baar Tum Aao Sai") -> Baar Baar Tum Aao Sai | B28: =IFERROR(__xludf.DUMMYFUNCTION("""COMPUTED_VALUE"""),3.0) -> 3 | C28: Sai
A29: =IFERROR(__xludf.DUMMYFUNCTION("""COMPUTED_VALUE"""),"Baba Aao Merey Keertan Mey") -> Baba Aao Merey Keertan Mey | B29: =IFERROR(__xludf.DUMMYFUNCTION("""COMPUTED_VALUE"""),1.0) -> 1 | C29: Sai
A30: =IFERROR(__xludf.DUMMYFUNCTION("""COMPUTED_VALUE"""),"Bala Gopal Jai Jai Sai Shyam") -> Bala Gopal Jai Jai Sai Shyam | B30: =IFERROR(__xludf.DUMMYFUNCTION("""COMPUTED_VALUE"""),1.0) -> 1 | C30: Sai
A31: =IFERROR(__xludf.DUMMYFUNCTION("""COMPUTED_VALUE"""),"Bala Gopala Sai") -> Bala Gopala Sai | B31: =IFERROR(__xludf.DUMMYFUNCTION("""COMPUTED_VALUE"""),1.0) -> 1 | C31: Krishna
A32: =IFERROR(__xludf.DUMMYFUNCTION("""COMPUTED_VALUE"""),"Bansi Bajao Man Mandir Mey") -> Bansi Bajao Man Mandir Mey | B32: =IFERROR(__xludf.DUMMYFUNCTION("""COMPUTED_VALUE"""),2.0) -> 2 | C32: Krishna
A33: =IFERROR(__xludf.DUMMYFUNCTION("""COMPUTED_VALUE"""),"Bansidhara Kanhaiya") -> Bansidhara Kanhaiya | B33: =IFERROR(__xludf.DUMMYFUNCTION("""COMPUTED_VALUE"""),1.0) -> 1 | C33: Krishna
A34: =IFERROR(__xludf.DUMMYFUNCTION("""COMPUTED_VALUE"""),"Bhairavi Ambe Bhavani") -> Bhairavi Ambe Bhavani | B34: =IFERROR(__xludf.DUMMYFUNCTION("""COMPUTED_VALUE"""),1.0) -> 1 | C34: Devi
A35: =IFERROR(__xludf.DUMMYFUNCTION("""COMPUTED_VALUE"""),"Bhaja Mana Govinda Gopala") -> Bhaja Mana Govinda Gopala | B35: =IFERROR(__xludf.DUMMYFUNCTION("""COMPUTED_VALUE"""),2.0) -> 2 | C35: Krishna
A36: =IFERROR(__xludf.DUMMYFUNCTION("""COMPUTED_VALUE"""),"Bhaja Mana Shyama Sundara Giridhari (Pilu)") -> Bhaja Mana Shyama Sundara Giridhari (Pilu) | B36: =IFERROR(__xludf.DUMMYFUNCTION("""COMPUTED_VALUE"""),1.0) -> 1 | C36: Krishna
A37: =IFERROR(__xludf.DUMMYFUNCTION("""COMPUTED_VALUE"""),"Bhaja Ranga Harey Vittala") -> Bhaja Ranga Harey Vittala | B37: =IFERROR(__xludf.DUMMYFUNCTION("""COMPUTED_VALUE"""),2.0) -> 2 | C37: Vittala
A38: =IFERROR(__xludf.DUMMYFUNCTION("""COMPUTED_VALUE"""),"Bhajan Karo Manuva Govinda Harey") -> Bhajan Karo Manuva Govinda Harey | B38: =IFERROR(__xludf.DUMMYFUNCTION("""COMPUTED_VALUE"""),2.0) -> 2 | C38: Krishna
A39: =IFERROR(__xludf.DUMMYFUNCTION("""COMPUTED_VALUE"""),"Bhajarey Rama Charan Satatam Bhajarey") -> Bhajarey Rama Charan Satatam Bhajarey | B39: =IFERROR(__xludf.DUMMYFUNCTION("""COMPUTED_VALUE"""),3.0) -> 3 | C39: Rama
A40: =IFERROR(__xludf.DUMMYFUNCTION("""COMPUTED_VALUE"""),"Bhajo Bhajo Vittala Panduranga Vittala") -> Bhajo Bhajo Vittala Panduranga Vittala | B40: =IFERROR(__xludf.DUMMYFUNCTION("""COMPUTED_VALUE"""),2.0) -> 2 | C40: Vittala
A41: =IFERROR(__xludf.DUMMYFUNCTION("""COMPUTED_VALUE"""),"Bhajo Gananayaka Gajavadana") -> Bhajo Gananayaka Gajavadana | B41: =IFERROR(__xludf.DUMMYFUNCTION("""COMPUTED_VALUE"""),2.0) -> 2 | C41: Ganesha
A42: =IFERROR(__xludf.DUMMYFUNCTION("""COMPUTED_VALUE"""),"Bhajo Ghana Shyama Bhajo Murali") -> Bhajo Ghana Shyama Bhajo Murali | B42: =IFERROR(__xludf.DUMMYFUNCTION("""COMPUTED_VALUE"""),1.0) -> 1 | C42: Krishna
A43: =IFERROR(__xludf.DUMMYFUNCTION("""COMPUTED_VALUE"""),"Bhajo Madhura Hari Naam Nirantara") -> Bhajo Madhura Hari Naam Nirantara | B43: =IFERROR(__xludf.DUMMYFUNCTION("""COMPUTED_VALUE"""),4.0) -> 4 | C43: Sai
A44: =IFERROR(__xludf.DUMMYFUNCTION("""COMPUTED_VALUE"""),"Bhajorey Bhai Sai Ram (~ Shankarabharanam / Bilawal)") -> Bhajorey Bhai Sai Ram (~ Shankarabharanam / Bilawal) | B44: =IFERROR(__xludf.DUMMYFUNCTION("""COMPUTED_VALUE"""),2.0) -> 2 | C44: Sai
A45: =IFERROR(__xludf.DUMMYFUNCTION("""COMPUTED_VALUE"""),"Bhajorey Manuva Sadguru Deva") -> Bhajorey Manuva Sadguru Deva | B45: =IFERROR(__xludf.DUMMYFUNCTION("""COMPUTED_VALUE"""),1.0) -> 1 | C45: Sai, Guru
A46: =IFERROR(__xludf.DUMMYFUNCTION("""COMPUTED_VALUE"""),"Bhaktha Vatsala Tero Naam O") -> Bhaktha Vatsala Tero Naam O | B46: =IFERROR(__xludf.DUMMYFUNCTION("""COMPUTED_VALUE"""),1.0) -> 1 | C46: Sai
A47: =IFERROR(__xludf.DUMMYFUNCTION("""COMPUTED_VALUE"""),"Bhasma Bhooshitanga Sai Chandrashekara") -> Bhasma Bhooshitanga Sai Chandrashekara | B47: =IFERROR(__xludf.DUMMYFUNCTION("""COMPUTED_VALUE"""),1.0) -> 1 | C47: Shiva
A48: =IFERROR(__xludf.DUMMYFUNCTION("""COMPUTED_VALUE"""),"Bhava Bhaya Bhanjana Shesha Shayana") -> Bhava Bhaya Bhanjana Shesha Shayana | B48: =IFERROR(__xludf.DUMMYFUNCTION("""COMPUTED_VALUE"""),1.0) -> 1 | C48: Narayana
A49: =IFERROR(__xludf.DUMMYFUNCTION("""COMPUTED_VALUE"""),"Bhavani Nandana Bala Gajanana") -> Bhavani Nandana Bala Gajanana | B49: =IFERROR(__xludf.DUMMYFUNCTION("""COMPUTED_VALUE"""),3.0) -> 3 | C49: Ganesha
A50: =IFERROR(__xludf.DUMMYFUNCTION("""COMPUTED_VALUE"""),"Bhavatharini Partheeshwari") -> Bhavatharini Partheeshwari | B50: =IFERROR(__xludf.DUMMYFUNCTION("""COMPUTED_VALUE"""),1.0) -> 1 | C50: Devi
A51: =IFERROR(__xludf.DUMMYFUNCTION("""COMPUTED_VALUE"""),"Bhola Nath Harey Jagadeesha") -> Bhola Nath Harey Jagadeesha | B51: =IFERROR(__xludf.DUMMYFUNCTION("""COMPUTED_VALUE"""),1.0) -> 1 | C51: Shiva
A52: =IFERROR(__xludf.DUMMYFUNCTION("""COMPUTED_VALUE"""),"Bolo Bolo Sab Mil Bolo") -> Bolo Bolo Sab Mil Bolo | B52: =IFERROR(__xludf.DUMMYFUNCTION("""COMPUTED_VALUE"""),1.0) -> 1 | C52: Shiva
A53: =IFERROR(__xludf.DUMMYFUNCTION("""COMPUTED_VALUE"""),"Brahmananda Roopa Sri Sai Deva") -> Brahmananda Roopa Sri Sai Deva | B53: =IFERROR(__xludf.DUMMYFUNCTION("""COMPUTED_VALUE"""),1.0) -> 1 | C53: Sai
A54: =IFERROR(__xludf.DUMMYFUNCTION("""COMPUTED_VALUE"""),"Buddha Mahavir Yesu Sai") -> Buddha Mahavir Yesu Sai | B54: =IFERROR(__xludf.DUMMYFUNCTION("""COMPUTED_VALUE"""),3.0) -> 3 | C54: Sarva Dharma, Guru
A55: =IFERROR(__xludf.DUMMYFUNCTION("""COMPUTED_VALUE"""),"Chandra Vadana Kamala Nayana") -> Chandra Vadana Kamala Nayana | B55: =IFERROR(__xludf.DUMMYFUNCTION("""COMPUTED_VALUE"""),2.0) -> 2 | C55: Narayana
A56: =IFERROR(__xludf.DUMMYFUNCTION("""COMPUTED_VALUE"""),"Chandrashekaraya Namah Om") -> Chandrashekaraya Namah Om | B56: =IFERROR(__xludf.DUMMYFUNCTION("""COMPUTED_VALUE"""),3.0) -> 3 | C56: Shiva
A57: =IFERROR(__xludf.DUMMYFUNCTION("""COMPUTED_VALUE"""),"Chitha Chora Muraliwala") -> Chitha Chora Muraliwala | B57: =IFERROR(__xludf.DUMMYFUNCTION("""COMPUTED_VALUE"""),1.0) -> 1 | C57: Krishna
A58: =IFERROR(__xludf.DUMMYFUNCTION("""COMPUTED_VALUE"""),"Danava Bhanjana Rama Sai Shyamala") -> Danava Bhanjana Rama Sai Shyamala | B58: =IFERROR(__xludf.DUMMYFUNCTION("""COMPUTED_VALUE"""),1.0) -> 1 | C58: Rama
A59: =IFERROR(__xludf.DUMMYFUNCTION("""COMPUTED_VALUE"""),"Dasharatha Nandana Rama Daya Sagara") -> Dasharatha Nandana Rama Daya Sagara | B59: =IFERROR(__xludf.DUMMYFUNCTION("""COMPUTED_VALUE"""),1.0) -> 1
A60: =IFERROR(__xludf.DUMMYFUNCTION("""COMPUTED_VALUE"""),"Dasharatha Nandana Rama Daya Sagara (Desh)") -> Dasharatha Nandana Rama Daya Sagara (Desh) | B60: =IFERROR(__xludf.DUMMYFUNCTION("""COMPUTED_VALUE"""),1.0) -> 1 | C60: Rama
A61: =IFERROR(__xludf.DUMMYFUNCTION("""COMPUTED_VALUE"""),"Dayabhi Rama Janaki Rama") -> Dayabhi Rama Janaki Rama | B61: =IFERROR(__xludf.DUMMYFUNCTION("""COMPUTED_VALUE"""),2.0) -> 2 | C61: Rama
A62: =IFERROR(__xludf.DUMMYFUNCTION("""COMPUTED_VALUE"""),"Deena Bandhava Baba Daya Sagara") -> Deena Bandhava Baba Daya Sagara | B62: =IFERROR(__xludf.DUMMYFUNCTION("""COMPUTED_VALUE"""),1.0) -> 1 | C62: Sai
A63: =IFERROR(__xludf.DUMMYFUNCTION("""COMPUTED_VALUE"""),"Deena Dukhiyon Se Prem Karo") -> Deena Dukhiyon Se Prem Karo | B63: =IFERROR(__xludf.DUMMYFUNCTION("""COMPUTED_VALUE"""),1.0) -> 1 | C63: Sai
A64: =IFERROR(__xludf.DUMMYFUNCTION("""COMPUTED_VALUE"""),"Deena Natha Sai Guru Natha") -> Deena Natha Sai Guru Natha | B64: =IFERROR(__xludf.DUMMYFUNCTION("""COMPUTED_VALUE"""),1.0) -> 1 | C64: Guru
A65: =IFERROR(__xludf.DUMMYFUNCTION("""COMPUTED_VALUE"""),"Deena Natha Shankara") -> Deena Natha Shankara | B65: =IFERROR(__xludf.DUMMYFUNCTION("""COMPUTED_VALUE"""),1.0) -> 1 | C65: Shiva
A66: =IFERROR(__xludf.DUMMYFUNCTION("""COMPUTED_VALUE"""),"Devi Jagat Janani Sai Mata") -> Devi Jagat Janani Sai Mata | B66: =IFERROR(__xludf.DUMMYFUNCTION("""COMPUTED_VALUE"""),1.0) -> 1 | C66: Devi
A67: =IFERROR(__xludf.DUMMYFUNCTION("""COMPUTED_VALUE"""),"Devi Sai Ma Devi Saraswathi") -> Devi Sai Ma Devi Saraswathi | B67: =IFERROR(__xludf.DUMMYFUNCTION("""COMPUTED_VALUE"""),3.0) -> 3 | C67: Devi
A68: =IFERROR(__xludf.DUMMYFUNCTION("""COMPUTED_VALUE"""),"Dhanya Ho Eshwaramba") -> Dhanya Ho Eshwaramba | B68: =IFERROR(__xludf.DUMMYFUNCTION("""COMPUTED_VALUE"""),1.0) -> 1 | C68: Sai
A69: =IFERROR(__xludf.DUMMYFUNCTION("""COMPUTED_VALUE"""),"Dhimitha Dhimitha Dhim Dhimitha Dhimitha") -> Dhimitha Dhimitha Dhim Dhimitha Dhimitha | B69: =IFERROR(__xludf.DUMMYFUNCTION("""COMPUTED_VALUE"""),2.0) -> 2 | C69: Shiva
A70: =IFERROR(__xludf.DUMMYFUNCTION("""COMPUTED_VALUE"""),"Durga Amba Bhavani Jai Jai") -> Durga Amba Bhavani Jai Jai | B70: =IFERROR(__xludf.DUMMYFUNCTION("""COMPUTED_VALUE"""),1.0) -> 1 | C70: Devi
A71: =IFERROR(__xludf.DUMMYFUNCTION("""COMPUTED_VALUE"""),"Durga Bhavani Ma Jaya Jaya") -> Durga Bhavani Ma Jaya Jaya | B71: =IFERROR(__xludf.DUMMYFUNCTION("""COMPUTED_VALUE"""),1.0) -> 1 | C71: Devi
A72: =IFERROR(__xludf.DUMMYFUNCTION("""COMPUTED_VALUE"""),"Eka Dantha Sri Gananatha") -> Eka Dantha Sri Gananatha | B72: =IFERROR(__xludf.DUMMYFUNCTION("""COMPUTED_VALUE"""),1.0) -> 1 | C72: Ganesha
A73: =IFERROR(__xludf.DUMMYFUNCTION("""COMPUTED_VALUE"""),"Eshwaramba Priya Nandana (Desh)") -> Eshwaramba Priya Nandana (Desh) | B73: =IFERROR(__xludf.DUMMYFUNCTION("""COMPUTED_VALUE"""),2.0) -> 2 | C73: Sai
A74: =IFERROR(__xludf.DUMMYFUNCTION("""COMPUTED_VALUE"""),"Gajamukha Gajamukha Gananatha") -> Gajamukha Gajamukha Gananatha | B74: =IFERROR(__xludf.DUMMYFUNCTION("""COMPUTED_VALUE"""),1.0) -> 1 | C74: Ganesha
A75: =IFERROR(__xludf.DUMMYFUNCTION("""COMPUTED_VALUE"""),"Gajanana Gajanana") -> Gajanana Gajanana | B75: =IFERROR(__xludf.DUMMYFUNCTION("""COMPUTED_VALUE"""),1.0) -> 1
A76: =IFERROR(__xludf.DUMMYFUNCTION("""COMPUTED_VALUE"""),"Gajanana Gajanana (Hamir Kalyani / Kedar)") -> Gajanana Gajanana (Hamir Kalyani / Kedar) | B76: =IFERROR(__xludf.DUMMYFUNCTION("""COMPUTED_VALUE"""),2.0) -> 2 | C76: Ganesha
A77: =IFERROR(__xludf.DUMMYFUNCTION("""COMPUTED_VALUE"""),"Gajanana Hey Shubhanana (Vakulabharanam / Basant Mukhari)") -> Gajanana Hey Shubhanana (Vakulabharanam / Basant Mukhari) | B77: =IFERROR(__xludf.DUMMYFUNCTION("""COMPUTED_VALUE"""),2.0) -> 2 | C77: Ganesha
A78: =IFERROR(__xludf.DUMMYFUNCTION("""COMPUTED_VALUE"""),"Gajanana Hey Shubhanana (Yaman Kalyan)") -> Gajanana Hey Shubhanana (Yaman Kalyan) | B78: =IFERROR(__xludf.DUMMYFUNCTION("""COMPUTED_VALUE"""),1.0) -> 1 | C78: Ganesha
A79: =IFERROR(__xludf.DUMMYFUNCTION("""COMPUTED_VALUE"""),"Gajavadana Gajanana") -> Gajavadana Gajanana | B79: =IFERROR(__xludf.DUMMYFUNCTION("""COMPUTED_VALUE"""),1.0) -> 1 | C79: Ganesha
A80: =IFERROR(__xludf.DUMMYFUNCTION("""COMPUTED_VALUE"""),"Gajavadana Gananatha") -> Gajavadana Gananatha | B80: =IFERROR(__xludf.DUMMYFUNCTION("""COMPUTED_VALUE"""),3.0) -> 3 | C80: Ganesha
A81: =IFERROR(__xludf.DUMMYFUNCTION("""COMPUTED_VALUE"""),"Gajavadana Gananatha Gajavadana Vinayaka") -> Gajavadana Gananatha Gajavadana Vinayaka | B81: =IFERROR(__xludf.DUMMYFUNCTION("""COMPUTED_VALUE"""),3.0) -> 3 | C81: Ganesha
A82: =IFERROR(__xludf.DUMMYFUNCTION("""COMPUTED_VALUE"""),"Gajavadana Gananatha Natha (Bilawal)") -> Gajavadana Gananatha Natha (Bilawal) | B82: =IFERROR(__xludf.DUMMYFUNCTION("""COMPUTED_VALUE"""),1.0) -> 1 | C82: Ganesha
A83: =IFERROR(__xludf.DUMMYFUNCTION("""COMPUTED_VALUE"""),"Ganadhi Pathayey Paahi Maam") -> Ganadhi Pathayey Paahi Maam | B83: =IFERROR(__xludf.DUMMYFUNCTION("""COMPUTED_VALUE"""),2.0) -> 2 | C83: Ganesha
A84: =IFERROR(__xludf.DUMMYFUNCTION("""COMPUTED_VALUE"""),"Gananatha Sai Gajanana") -> Gananatha Sai Gajanana | B84: =IFERROR(__xludf.DUMMYFUNCTION("""COMPUTED_VALUE"""),3.0) -> 3 | C84: Ganesha
A85: =IFERROR(__xludf.DUMMYFUNCTION("""COMPUTED_VALUE"""),"Ganapathi Om Jaya Ganapathi Om (Mohanam / Bhoop)") -> Ganapathi Om Jaya Ganapathi Om (Mohanam / Bhoop) | B85: =IFERROR(__xludf.DUMMYFUNCTION("""COMPUTED_VALUE"""),1.0) -> 1 | C85: Ganesha
A86: =IFERROR(__xludf.DUMMYFUNCTION("""COMPUTED_VALUE"""),"Ganga Jatadhara Gowri Shankara Girija") -> Ganga Jatadhara Gowri Shankara Girija | B86: =IFERROR(__xludf.DUMMYFUNCTION("""COMPUTED_VALUE"""),1.0) -> 1 | C86: Shiva
A87: =IFERROR(__xludf.DUMMYFUNCTION("""COMPUTED_VALUE"""),"Garuda Vahana Narayana") -> Garuda Vahana Narayana | B87: =IFERROR(__xludf.DUMMYFUNCTION("""COMPUTED_VALUE"""),1.0) -> 1 | C87: Narayana
A88: =IFERROR(__xludf.DUMMYFUNCTION("""COMPUTED_VALUE"""),"Ghana Ghana Neela Vadana Ati") -> Ghana Ghana Neela Vadana Ati | B88: =IFERROR(__xludf.DUMMYFUNCTION("""COMPUTED_VALUE"""),2.0) -> 2 | C88: Krishna
A89: =IFERROR(__xludf.DUMMYFUNCTION("""COMPUTED_VALUE"""),"Ghana Shyama Sundara") -> Ghana Shyama Sundara | B89: =IFERROR(__xludf.DUMMYFUNCTION("""COMPUTED_VALUE"""),2.0) -> 2 | C89: Krishna
A90: =IFERROR(__xludf.DUMMYFUNCTION("""COMPUTED_VALUE"""),"Giridhara Bala Hey Nandalala") -> Giridhara Bala Hey Nandalala | B90: =IFERROR(__xludf.DUMMYFUNCTION("""COMPUTED_VALUE"""),2.0) -> 2 | C90: Krishna
A91: =IFERROR(__xludf.DUMMYFUNCTION("""COMPUTED_VALUE"""),"Giridhara Gopala Muralidhara Harey") -> Giridhara Gopala Muralidhara Harey | B91: =IFERROR(__xludf.DUMMYFUNCTION("""COMPUTED_VALUE"""),2.0) -> 2 | C91: Krishna
A92: =IFERROR(__xludf.DUMMYFUNCTION("""COMPUTED_VALUE"""),"Giridhara Govinda Gopala Ghana Shyama") -> Giridhara Govinda Gopala Ghana Shyama | B92: =IFERROR(__xludf.DUMMYFUNCTION("""COMPUTED_VALUE"""),1.0) -> 1 | C92: Krishna
A93: =IFERROR(__xludf.DUMMYFUNCTION("""COMPUTED_VALUE"""),"Giridhari Lal Shyama Gopal") -> Giridhari Lal Shyama Gopal | B93: =IFERROR(__xludf.DUMMYFUNCTION("""COMPUTED_VALUE"""),1.0) -> 1 | C93: Krishna
A94: =IFERROR(__xludf.DUMMYFUNCTION("""COMPUTED_VALUE"""),"Giridhari Murari Govinda") -> Giridhari Murari Govinda | B94: =IFERROR(__xludf.DUMMYFUNCTION("""COMPUTED_VALUE"""),1.0) -> 1 | C94: Krishna
A95: =IFERROR(__xludf.DUMMYFUNCTION("""COMPUTED_VALUE"""),"Gopala Gopala Nacho Gopala") -> Gopala Gopala Nacho Gopala | B95: =IFERROR(__xludf.DUMMYFUNCTION("""COMPUTED_VALUE"""),1.0) -> 1 | C95: Krishna
A96: =IFERROR(__xludf.DUMMYFUNCTION("""COMPUTED_VALUE"""),"Gopala Radha Lola") -> Gopala Radha Lola | B96: =IFERROR(__xludf.DUMMYFUNCTION("""COMPUTED_VALUE"""),2.0) -> 2 | C96: Krishna
A97: =IFERROR(__xludf.DUMMYFUNCTION("""COMPUTED_VALUE"""),"Govinda Bolo Gopala Bolo") -> Govinda Bolo Gopala Bolo | B97: =IFERROR(__xludf.DUMMYFUNCTION("""COMPUTED_VALUE"""),1.0) -> 1 | C97: Sarva Dharma
A98: =IFERROR(__xludf.DUMMYFUNCTION("""COMPUTED_VALUE"""),"Govinda Gopala Hey Nandalala") -> Govinda Gopala Hey Nandalala | B98: =IFERROR(__xludf.DUMMYFUNCTION("""COMPUTED_VALUE"""),1.0) -> 1 | C98: Krishna
A99: =IFERROR(__xludf.DUMMYFUNCTION("""COMPUTED_VALUE"""),"Govinda Harey Gopala Harey") -> Govinda Harey Gopala Harey | B99: =IFERROR(__xludf.DUMMYFUNCTION("""COMPUTED_VALUE"""),1.0) -> 1
A100: =IFERROR(__xludf.DUMMYFUNCTION("""COMPUTED_VALUE"""),"Govinda Harey Gopala Harey (Darbari)") -> Govinda Harey Gopala Harey (Darbari) | B100: =IFERROR(__xludf.DUMMYFUNCTION("""COMPUTED_VALUE"""),2.0) -> 2 | C100: Sai
...

Sheet Singer Roster
B1: Singer | C1: Festival Singer | D1: Bhajan | E1: Festival Bhajan | F1: Input only IF Bhajan (NOT in database) | G1: Confirmed Pitch | H1: Alternative Tabla Pitch | I1: Recommended Pitch as Sai Rythms | J1: Raga | K1: Lyrics | L1: Meaning
A3: 45734 | B3: Prithvi | D3: Gananatha Sai Gajanana | G3: 1 Pancham / C | H3: {=IFNA(INDEX(Pitches[],MATCH($G3,Pitches[Pitches],0),2),"")} -> G | I3: {=IF( AND(D3="", E3=""), "", IFNA( IF( INDEX(Singers[], MATCH(IF(D3<>"", B3, C3), Singers[Singers], 0), 2, 0) = "Gents", INDEX(Bhajans[], MATCH(IF(D3<>"", D3, E3), Bhajans[title], 0), 13), INDEX(Bhajans[], MATCH(IF(D3<>"", D3, E3), Bhajans[title], 0), 14) ), "" ) )} -> 1 Pancham / C | J3: {=IF(AND($D3="", $E3=""), "", IFNA(INDEX(Bhajans[], MATCH(IF($D3<>"", $D3, $E3), Bhajans[title], 0), 9), ""))} -> Darbari | K3: {=IF(AND($D3="", $E3=""), "", IFNA(INDEX(Bhajans[], MATCH(IF($D3<>"", $D3, $E3), Bhajans[title], 0), 5), ""))} -> Gananatha Sai Gajanana Partheeshwara Dukha Bhanjana [ Gananatha ... ] Kailasa Pathey Shiva Nandana Deena Natha Harey Hey Niranjana Siddhi Pradatha Shubhanana Jagadeeshwara Shanthi Niketana Jagadeeshwara Shanthi Niketana | L3: {=IF(AND($D3="", $E3=""), "", IFNA(INDEX(Bhajans[], MATCH(IF($D3<>"", $D3, $E3), Bhajans[title], 0), 4), ""))} -> O Lord Ganesha, the Lord of all Ganaas (Demigods), O Lord of Parthi, You relieve us of all anxieties and sadness. O the Son of Shiva (the Lord of Kailasa), who is the embodiment of purity and the Lord of the destitute, O bestower of all the siddhis and prowess, the one whose face radiates goodness, O sustainer of the whole world and the abode of all peace, glory be to Thee.
A4: 45734 | B4: Sailavan | C4: {=IFNA(XLOOKUP(E4,GP_Bhajan_List[GP Bhajan List], GP_Bhajan_List[Singer]),"")} | D4: Jaya Devi Bhavani Ma | G4: 1.5 Pancham / C# | H4: {=IFNA(INDEX(Pitches[],MATCH($G4,Pitches[Pitches],0),2),"")} -> G# | I4: {=IF( AND(D4="", E4=""), "", IFNA( IF( INDEX(Singers[], MATCH(IF(D4<>"", B4, C4), Singers[Singers], 0), 2, 0) = "Gents", INDEX(Bhajans[], MATCH(IF(D4<>"", D4, E4), Bhajans[title], 0), 13), INDEX(Bhajans[], MATCH(IF(D4<>"", D4, E4), Bhajans[title], 0), 14) ), "" ) )} -> 1.5 Pancham / C# | J4: {=IF(AND($D4="", $E4=""), "", IFNA(INDEX(Bhajans[], MATCH(IF($D4<>"", $D4, $E4), Bhajans[title], 0), 9), ""))} -> ~ Shankarabharanam / Bilawal | K4: {=IF(AND($D4="", $E4=""), "", IFNA(INDEX(Bhajans[], MATCH(IF($D4<>"", $D4, $E4), Bhajans[title], 0), 5), ""))} -> Jaya Devi Bhavani Ma Jaya Sai Bhavani Ma [ Jaya Devi ... ] Jagadeeshwari Sai Ma Parameshwari Sai Ma Jaya Sai Bhavani Ma Jaya Parthi Nivasini Ma (2) | L4: {=IF(AND($D4="", $E4=""), "", IFNA(INDEX(Bhajans[], MATCH(IF($D4<>"", $D4, $E4), Bhajans[title], 0), 4), ""))} -> Victory to Goddess Bhavani, the very existence. Victory to Divine Mother Sathya Sai, the eternal one who rules over the entire universe. Puttaparthi is Her divine abode.
A5: 45734 | B5: Prasanna | C5: {=IFNA(XLOOKUP(E5,GP_Bhajan_List[GP Bhajan List], GP_Bhajan_List[Singer]),"")} | D5: Gopala Radha Lola | G5: 1 Pancham / C | H5: {=IFNA(INDEX(Pitches[],MATCH($G5,Pitches[Pitches],0),2),"")} -> G | I5: {=IF( AND(D5="", E5=""), "", IFNA( IF( INDEX(Singers[], MATCH(IF(D5<>"", B5, C5), Singers[Singers], 0), 2, 0) = "Gents", INDEX(Bhajans[], MATCH(IF(D5<>"", D5, E5), Bhajans[title], 0), 13), INDEX(Bhajans[], MATCH(IF(D5<>"", D5, E5), Bhajans[title], 0), 14) ), "" ) )} -> 1 Pancham / C | J5: {=IF(AND($D5="", $E5=""), "", IFNA(INDEX(Bhajans[], MATCH(IF($D5<>"", $D5, $E5), Bhajans[title], 0), 9), ""))} -> Maand | K5: {=IF(AND($D5="", $E5=""), "", IFNA(INDEX(Bhajans[], MATCH(IF($D5<>"", $D5, $E5), Bhajans[title], 0), 5), ""))} -> Gopala Radha Lola Murali Lola Nandalala [ Gopala ... ] Keshava Madhava Janardhana Vanamala Brindavana Bala [ Murali Lola ... ] Gopala, Hijo De Nanda Dulce Es Tu Flauta Hazla Cantar Keshava, Libranos De La Maldad Santo Eres Senor De Brindavan Toca Tu Flauta, Hazme Sonar | L5: {=IF(AND($D5="", $E5=""), "", IFNA(INDEX(Bhajans[], MATCH(IF($D5<>"", $D5, $E5), Bhajans[title], 0), 4), ""))} -> Chant the name of Gopala, who gives joy to Radha, who is the son of Nanda. He is the one who played the flute, who is also known as Keshava, Madhava and Janardhana. He is the sweet child of Brindavan who wears the garland made of jungle flowers.
A6: 45735 | B6: Prasanna | C6: {=IFNA(XLOOKUP(E6,GP_Bhajan_List[GP Bhajan List], GP_Bhajan_List[Singer]),"")} | D6: Gajanana Gajanana (Hamir Kalyani / Kedar) | G6: 7 Pancham / B | H6: {=IFNA(INDEX(Pitches[],MATCH($G6,Pitches[Pitches],0),2),"")} -> F# | I6: {=IF( AND(D6="", E6=""), "", IFNA( IF( INDEX(Singers[], MATCH(IF(D6<>"", B6, C6), Singers[Singers], 0), 2, 0) = "Gents", INDEX(Bhajans[], MATCH(IF(D6<>"", D6, E6), Bhajans[title], 0), 13), INDEX(Bhajans[], MATCH(IF(D6<>"", D6, E6), Bhajans[title], 0), 14) ), "" ) )} -> 6.5 Pancham / A# | J6: {=IF(AND($D6="", $E6=""), "", IFNA(INDEX(Bhajans[], MATCH(IF($D6<>"", $D6, $E6), Bhajans[title], 0), 9), ""))} -> Hamir Kalyani / Kedar | K6: {=IF(AND($D6="", $E6=""), "", IFNA(INDEX(Bhajans[], MATCH(IF($D6<>"", $D6, $E6), Bhajans[title], 0), 5), ""))} -> Gajanana Gajanana Prathama Poojana Ganaraya [ Gajanana ... ] Prathama Prarthana Sri Ganaraya Lambodhara Ganaraya | L6: {=IF(AND($D6="", $E6=""), "", IFNA(INDEX(Bhajans[], MATCH(IF($D6<>"", $D6, $E6), Bhajans[title], 0), 4), ""))} -> O Lord Ganesha, the elephant-faced one, You are the one whom all worship and pray. You are the one to whom the first prostrations should be offered. O Ganaraya, the controller of all the Ganaas (the Demigods), we offer You our first obeisance. O mighty one, You are the King of the Divine Forces.
A7: 45735 | B7: Sailavan | C7: {=IFNA(XLOOKUP(E7,GP_Bhajan_List[GP Bhajan List], GP_Bhajan_List[Singer]),"")} | D7: Jai Jai Guru Deva Sri | G7: 1.5 Pancham / C# | H7: {=IFNA(INDEX(Pitches[],MATCH($G7,Pitches[Pitches],0),2),"")} -> G# | I7: {=IF( AND(D7="", E7=""), "", IFNA( IF( INDEX(Singers[], MATCH(IF(D7<>"", B7, C7), Singers[Singers], 0), 2, 0) = "Gents", INDEX(Bhajans[], MATCH(IF(D7<>"", D7, E7), Bhajans[title], 0), 13), INDEX(Bhajans[], MATCH(IF(D7<>"", D7, E7), Bhajans[title], 0), 14) ), "" ) )} -> 1 Pancham / C | J7: {=IF(AND($D7="", $E7=""), "", IFNA(INDEX(Bhajans[], MATCH(IF($D7<>"", $D7, $E7), Bhajans[title], 0), 9), ""))} -> Darbari | K7: {=IF(AND($D7="", $E7=""), "", IFNA(INDEX(Bhajans[], MATCH(IF($D7<>"", $D7, $E7), Bhajans[title], 0), 5), ""))} -> Jai Jai Guru Deva Sri Sai Mahadeva (3) Brahma Vishnu Maheshwara Sai Mahadeva Mata Pitha Guru Deva Sri Sai Mahadeva | L7: {=IF(AND($D7="", $E7=""), "", IFNA(INDEX(Bhajans[], MATCH(IF($D7<>"", $D7, $E7), Bhajans[title], 0), 4), ""))} -> Glory to the revered preceptor Mahadeva, who is the embodiment of Mother, Father, Preceptor and the Trinity Brahma, Vishnu and Maheshwara.
A8: 45735 | B8: Prithvi | C8: {=IFNA(XLOOKUP(E8,GP_Bhajan_List[GP Bhajan List], GP_Bhajan_List[Singer]),"")} | D8: Anatha Bandho Sai Prabho | G8: 1.5 Pancham / C# | H8: {=IFNA(INDEX(Pitches[],MATCH($G8,Pitches[Pitches],0),2),"")} -> G# | I8: {=IF( AND(D8="", E8=""), "", IFNA( IF( INDEX(Singers[], MATCH(IF(D8<>"", B8, C8), Singers[Singers], 0), 2, 0) = "Gents", INDEX(Bhajans[], MATCH(IF(D8<>"", D8, E8), Bhajans[title], 0), 13), INDEX(Bhajans[], MATCH(IF(D8<>"", D8, E8), Bhajans[title], 0), 14) ), "" ) )} -> 1 Pancham / C | J8: {=IF(AND($D8="", $E8=""), "", IFNA(INDEX(Bhajans[], MATCH(IF($D8<>"", $D8, $E8), Bhajans[title], 0), 9), ""))} -> Keeravani | K8: {=IF(AND($D8="", $E8=""), "", IFNA(INDEX(Bhajans[], MATCH(IF($D8<>"", $D8, $E8), Bhajans[title], 0), 5), ""))} -> Anatha Bandho Sai Prabho Aparadha Kshama Karo Sai Prabho Jeeva Yatra Mey Saath Raho Tum Prem Bhakthi Hum Ko Deejo Hrudaya Mandir Se Math Jao Charanamrutha Seva Deejo Prabhu | L8: {=IF(AND($D8="", $E8=""), "", IFNA(INDEX(Bhajans[], MATCH(IF($D8<>"", $D8, $E8), Bhajans[title], 0), 4), ""))} -> Oh Lord Sai! You are the protector and kin of the destitute. Kindly forgive our misdeeds and be with us in our journey of life. Bless us with Divine Love and devotion and be constantly in our thoughts and our hearts, grant us the opportunity to serve Your Lotus feet.
A9: 45736 | B9: Ashwin | C9: {=IFNA(XLOOKUP(E9,GP_Bhajan_List[GP Bhajan List], GP_Bhajan_List[Singer]),"")} | D9: Vighneshwaram Bhajorey Manasa Vighna Haram | G9: 2 Pancham / D | H9: {=IFNA(INDEX(Pitches[],MATCH($G9,Pitches[Pitches],0),2),"")} -> A | I9: {=IF( AND(D9="", E9=""), "", IFNA( IF( INDEX(Singers[], MATCH(IF(D9<>"", B9, C9), Singers[Singers], 0), 2, 0) = "Gents", INDEX(Bhajans[], MATCH(IF(D9<>"", D9, E9), Bhajans[title], 0), 13), INDEX(Bhajans[], MATCH(IF(D9<>"", D9, E9), Bhajans[title], 0), 14) ), "" ) )} -> 3 Pancham / E | J9: {=IF(AND($D9="", $E9=""), "", IFNA(INDEX(Bhajans[], MATCH(IF($D9<>"", $D9, $E9), Bhajans[title], 0), 9), ""))} -> Mayamalavagowla / Bhairav | K9: {=IF(AND($D9="", $E9=""), "", IFNA(INDEX(Bhajans[], MATCH(IF($D9<>"", $D9, $E9), Bhajans[title], 0), 5), ""))} -> Vighneshwaram Bhajorey Manasa Vighna Haram Bhajorey (2) (Bhajorey) Vighneshwaram Bhajorey Manasa Vighna Haram Bhajorey | L9: {=IF(AND($D9="", $E9=""), "", IFNA(INDEX(Bhajans[], MATCH(IF($D9<>"", $D9, $E9), Bhajans[title], 0), 4), ""))} -> Oh Mind! Sing the praises of Lord Vighneshwara (Lord Ganesha) who removes all obstacles and destroys them.
A10: 45736 | B10: Sailavan | C10: {=IFNA(XLOOKUP(E10,GP_Bhajan_List[GP Bhajan List], GP_Bhajan_List[Singer]),"")} | D10: Shrivatsankitha Sri Kaustubha Dhara | G10: 4.5 Pancham / F# | H10: {=IFNA(INDEX(Pitches[],MATCH($G10,Pitches[Pitches],0),2),"")} -> C# | I10: {=IF( AND(D10="", E10=""), "", IFNA( IF( INDEX(Singers[], MATCH(IF(D10<>"", B10, C10), Singers[Singers], 0), 2, 0) = "Gents", INDEX(Bhajans[], MATCH(IF(D10<>"", D10, E10), Bhajans[title], 0), 13), INDEX(Bhajans[], MATCH(IF(D10<>"", D10, E10), Bhajans[title], 0), 14) ), "" ) )} -> 3 Pancham / E | J10: {=IF(AND($D10="", $E10=""), "", IFNA(INDEX(Bhajans[], MATCH(IF($D10<>"", $D10, $E10), Bhajans[title], 0), 9), ""))} -> Panchamkauns / Jayanthashri | K10: {=IF(AND($D10="", $E10=""), "", IFNA(INDEX(Bhajans[], MATCH(IF($D10<>"", $D10, $E10), Bhajans[title], 0), 5), ""))} -> Shrivatsankitha Sri Kaustubha Dhara Madhava Mohana Krishna (2) Sri Tulasi Dala Vanamala Dhara [ Madhava Mohana ... (2) ] Kali Yuga Varada Kali Avatara Karuna Sagara Sai (2) | L10: {=IF(AND($D10="", $E10=""), "", IFNA(INDEX(Bhajans[], MATCH(IF($D10<>"", $D10, $E10), Bhajans[title], 0), 4), ""))} -> Glory to Lord Sai, the compassionate one who is the incarnation of Lord Vishnu in Kali age, who is depicted to be bearing the sign of "Srivatsa" (it symbolizes Vishnu's yogic powers) and the splendorous jewel "Kaustubha" (it represents the consciousness of all living things). He is none other than Lord Krishna wearing the garland of Sacred Tulasi leaves (Basil Leaves).
A11: 45736 | B11: Prithvi | C11: {=IFNA(XLOOKUP(E11,GP_Bhajan_List[GP Bhajan List], GP_Bhajan_List[Singer]),"")} | D11: Baar Baar Tum Aao Sai | G11: 1.5 Pancham / C# | H11: {=IFNA(INDEX(Pitches[],MATCH($G11,Pitches[Pitches],0),2),"")} -> G# | I11: {=IF( AND(D11="", E11=""), "", IFNA( IF( INDEX(Singers[], MATCH(IF(D11<>"", B11, C11), Singers[Singers], 0), 2, 0) = "Gents", INDEX(Bhajans[], MATCH(IF(D11<>"", D11, E11), Bhajans[title], 0), 13), INDEX(Bhajans[], MATCH(IF(D11<>"", D11, E11), Bhajans[title], 0), 14) ), "" ) )} -> 2.5 Pancham / D# | J11: {=IF(AND($D11="", $E11=""), "", IFNA(INDEX(Bhajans[], MATCH(IF($D11<>"", $D11, $E11), Bhajans[title], 0), 9), ""))} -> Hamir Kalyani / Kedar | K11: {=IF(AND($D11="", $E11=""), "", IFNA(INDEX(Bhajans[], MATCH(IF($D11<>"", $D11, $E11), Bhajans[title], 0), 5), ""))} -> Baar Baar Tum Aao Sai Darshana Do Bhagawan (2) Nithya Nirmala Nithyananda Satchidananda Prabho Darshana Do Bhagawan | L11: {=IF(AND($D11="", $E11=""), "", IFNA(INDEX(Bhajans[], MATCH(IF($D11<>"", $D11, $E11), Bhajans[title], 0), 4), ""))} -> Welcome O Lord Sai. Grant us the darshan of Your ever pure and blissful Form again and again.
A12: 45737 | B12: Pavitra | C12: {=IFNA(XLOOKUP(E12,GP_Bhajan_List[GP Bhajan List], GP_Bhajan_List[Singer]),"")} | D12: Matanga Vadana Maam Palaya | G12: 5.5 Madhyam / C# | H12: {=IFNA(INDEX(Pitches[],MATCH($G12,Pitches[Pitches],0),2),"")} -> G# | I12: {=IF( AND(D12="", E12=""), "", IFNA( IF( INDEX(Singers[], MATCH(IF(D12<>"", B12, C12), Singers[Singers], 0), 2, 0) = "Gents", INDEX(Bhajans[], MATCH(IF(D12<>"", D12, E12), Bhajans[title], 0), 13), INDEX(Bhajans[], MATCH(IF(D12<>"", D12, E12), Bhajans[title], 0), 14) ), "" ) )} -> 5 Madhyam / C | J12: {=IF(AND($D12="", $E12=""), "", IFNA(INDEX(Bhajans[], MATCH(IF($D12<>"", $D12, $E12), Bhajans[title], 0), 9), ""))} -> Kuntalavarali | K12: {=IF(AND($D12="", $E12=""), "", IFNA(INDEX(Bhajans[], MATCH(IF($D12<>"", $D12, $E12), Bhajans[title], 0), 5), ""))} -> Matanga Vadana Maam Palaya Mouleeshwara Shiva Gowri Nandana (2) Mangala Dayaka Siddhi Vinayaka | L12: {=IF(AND($D12="", $E12=""), "", IFNA(INDEX(Bhajans[], MATCH(IF($D12<>"", $D12, $E12), Bhajans[title], 0), 4), ""))} -> O elephant-faced Lord Ganesha, protect me. O beloved son of Lord Shiva and Gowri, You are the one who bestows auspiciousness and success in our endeavors.
A13: 45737 | B13: Rhuben | C13: {=IFNA(XLOOKUP(E13,GP_Bhajan_List[GP Bhajan List], GP_Bhajan_List[Singer]),"")} | D13: Shiva Shambho Hara Hara Shambho | G13: 5.5 Pancham / G# | H13: {=IFNA(INDEX(Pitches[],MATCH($G13,Pitches[Pitches],0),2),"")} -> D# | I13: {=IF( AND(D13="", E13=""), "", IFNA( IF( INDEX(Singers[], MATCH(IF(D13<>"", B13, C13), Singers[Singers], 0), 2, 0) = "Gents", INDEX(Bhajans[], MATCH(IF(D13<>"", D13, E13), Bhajans[title], 0), 13), INDEX(Bhajans[], MATCH(IF(D13<>"", D13, E13), Bhajans[title], 0), 14) ), "" ) )} -> 5.5 Pancham / G# | J13: {=IF(AND($D13="", $E13=""), "", IFNA(INDEX(Bhajans[], MATCH(IF($D13<>"", $D13, $E13), Bhajans[title], 0), 9), ""))} -> Shankarabharanam / Bilawal | K13: {=IF(AND($D13="", $E13=""), "", IFNA(INDEX(Bhajans[], MATCH(IF($D13<>"", $D13, $E13), Bhajans[title], 0), 5), ""))} -> Shiva Shambho Hara Hara Shambho Bhava Nasha Kailasa Nivasa [ Shiva Shambho ... ] Parvathi Pathey Harey Pashupathey Gangadhara Hara Gowri Pathey | L13: {=IF(AND($D13="", $E13=""), "", IFNA(INDEX(Bhajans[], MATCH(IF($D13<>"", $D13, $E13), Bhajans[title], 0), 4), ""))} -> O Lord Shiva, You are the destroyer of all fear, the one who resides in the holy mountains of Kailasa, the consort of Mother Parvathi, the one who holds the mighty Ganges in Your matted locks, the consort of Mother Gowri. We pray and offer our humble salutations at Your Feet.
A14: 45737 | B14: Prasanna | C14: {=IFNA(XLOOKUP(E14,GP_Bhajan_List[GP Bhajan List], GP_Bhajan_List[Singer]),"")} | D14: Jai Jai Bhavani Ma Ambe | G14: 1 Pancham / C | H14: {=IFNA(INDEX(Pitches[],MATCH($G14,Pitches[Pitches],0),2),"")} -> G | I14: {=IF( AND(D14="", E14=""), "", IFNA( IF( INDEX(Singers[], MATCH(IF(D14<>"", B14, C14), Singers[Singers], 0), 2, 0) = "Gents", INDEX(Bhajans[], MATCH(IF(D14<>"", D14, E14), Bhajans[title], 0), 13), INDEX(Bhajans[], MATCH(IF(D14<>"", D14, E14), Bhajans[title], 0), 14) ), "" ) )} -> 6 Pancham / A | J14: {=IF(AND($D14="", $E14=""), "", IFNA(INDEX(Bhajans[], MATCH(IF($D14<>"", $D14, $E14), Bhajans[title], 0), 9), ""))} -> Shankarabharanam / Bilawal | K14: {=IF(AND($D14="", $E14=""), "", IFNA(INDEX(Bhajans[], MATCH(IF($D14<>"", $D14, $E14), Bhajans[title], 0), 5), ""))} -> Jai Jai Bhavani Ma Ambe Bhavani Ma Ambe Bhavani Ma Sai Bhavani Ma [ Jai Jai Bhavani ... ] Shirdi Nivasi Ma Parthi Nivasi Ma Hrudaya Nivasi Ma Ambe (Sai) Bhavani Ma Jai Jai Bhavani Ma Ambe Bhavani Ma Ambe Bhavani Ma Sai Bhavani Ma [ Jai Jai Bhavani ... ] Shirdi Bhavani Ma Parthi Nivasi Ma Hrudaya Nivasi Ma Ambe (Sai) Bhavani Ma | L14: {=IF(AND($D14="", $E14=""), "", IFNA(INDEX(Bhajans[], MATCH(IF($D14<>"", $D14, $E14), Bhajans[title], 0), 4), ""))} -> Victory to Divine Mother Parvathi who is hailed as Ambe and Bhavani and who is the indweller of the heart. She is none other than Lord Sai who dwells in Shirdi and Parthi.
A15: 45738 | B15: Jothsna | C15: {=IFNA(XLOOKUP(E15,GP_Bhajan_List[GP Bhajan List], GP_Bhajan_List[Singer]),"")} | D15: Ambika Tanaya Gajanana | G15: 6 Madhyam / D | H15: {=IFNA(INDEX(Pitches[],MATCH($G15,Pitches[Pitches],0),2),"")} -> A | I15: {=IF( AND(D15="", E15=""), "", IFNA( IF( INDEX(Singers[], MATCH(IF(D15<>"", B15, C15), Singers[Singers], 0), 2, 0) = "Gents", INDEX(Bhajans[], MATCH(IF(D15<>"", D15, E15), Bhajans[title], 0), 13), INDEX(Bhajans[], MATCH(IF(D15<>"", D15, E15), Bhajans[title], 0), 14) ), "" ) )} -> 5.5 Madhyam / C# | J15: {=IF(AND($D15="", $E15=""), "", IFNA(INDEX(Bhajans[], MATCH(IF($D15<>"", $D15, $E15), Bhajans[title], 0), 9), ""))} -> Pahadi | K15: {=IF(AND($D15="", $E15=""), "", IFNA(INDEX(Bhajans[], MATCH(IF($D15<>"", $D15, $E15), Bhajans[title], 0), 5), ""))} -> Ambika Tanaya Gajanana Gajavadana Gananatha Gajanana Paahi Ganesha Vinayaka Tribhuvana Palaka Mangala Dayaka Vidya Buddhi Siddhi Pradayaka Paahi Ganesha Vinayaka (2) Ambika Tanaya Vinayaka Gajavadana Gananatha Vinayaka (Sathya) Sai Ganesha Vinayaka Tribhuvana Palaka Mangala Dayaka Vidya Buddhi Siddhi Pradayaka (Sathya) Sai Ganesha Vinayaka | L15: {=IF(AND($D15="", $E15=""), "", IFNA(INDEX(Bhajans[], MATCH(IF($D15<>"", $D15, $E15), Bhajans[title], 0), 4), ""))} -> O loving son of Mother Parvathi, the elephant-headed Lord Ganesha, kindly protect us. You are the sustainer of the three worlds, the one who confers auspiciousness, knowledge, wisdom and success.
... A66: 45776 | B66: Prithvi | C66: {=IFNA(XLOOKUP(E66,GP_Bhajan_List[GP Bhajan List], GP_Bhajan_List[Singer]),"")} | D66: Bhajan Karo Manuva Govinda Harey | G66: 5 Pancham / G | H66: {=IFNA(INDEX(Pitches[],MATCH($G66,Pitches[Pitches],0),2),"")} -> D | I66: {=IF( AND(D66="", E66=""), "", IFNA( IF( INDEX(Singers[], MATCH(IF(D66<>"", B66, C66), Singers[Singers], 0), 2, 0) = "Gents", INDEX(Bhajans[], MATCH(IF(D66<>"", D66, E66), Bhajans[title], 0), 13), INDEX(Bhajans[], MATCH(IF(D66<>"", D66, E66), Bhajans[title], 0), 14) ), "" ) )} -> 4 Pancham / F | J66: {=IF(AND($D66="", $E66=""), "", IFNA(INDEX(Bhajans[], MATCH(IF($D66<>"", $D66, $E66), Bhajans[title], 0), 9), ""))} -> Pilu | K66: {=IF(AND($D66="", $E66=""), "", IFNA(INDEX(Bhajans[], MATCH(IF($D66<>"", $D66, $E66), Bhajans[title], 0), 5), ""))} -> Bhajan Karo Manuva Govinda Harey Govinda Murari Gopala Murari [ Bhajan Karo ... ] Mathura Natha Hey Giridhari Radha Madhava Hey Giridhari (2) | L66: {=IF(AND($D66="", $E66=""), "", IFNA(INDEX(Bhajans[], MATCH(IF($D66<>"", $D66, $E66), Bhajans[title], 0), 4), ""))} -> O mind, worship Lord Krishna, known by many names - Govinda, Murari, Gopala, the Lord of Mathura, Giridhari, the Lord of Radha.
A67: 45777 | B67: Prithvi | C67: {=IFNA(XLOOKUP(E67,GP_Bhajan_List[GP Bhajan List], GP_Bhajan_List[Singer]),"")} | D67: Gajavadana Gananatha Natha (Bilawal) | F67: Bilawal not Sohini - it exists on sai rhythms but not on this | G67: 4.5 Pancham / F# | H67: {=IFNA(INDEX(Pitches[],MATCH($G67,Pitches[Pitches],0),2),"")} -> C# | I67: {=IF( AND(D67="", E67=""), "", IFNA( IF( INDEX(Singers[], MATCH(IF(D67<>"", B67, C67), Singers[Singers], 0), 2, 0) = "Gents", INDEX(Bhajans[], MATCH(IF(D67<>"", D67, E67), Bhajans[title], 0), 13), INDEX(Bhajans[], MATCH(IF(D67<>"", D67, E67), Bhajans[title], 0), 14) ), "" ) )} -> 3 Pancham / E | J67: {=IF(AND($D67="", $E67=""), "", IFNA(INDEX(Bhajans[], MATCH(IF($D67<>"", $D67, $E67), Bhajans[title], 0), 9), ""))} -> Shankarabharanam / Bilawal | K67: {=IF(AND($D67="", $E67=""), "", IFNA(INDEX(Bhajans[], MATCH(IF($D67<>"", $D67, $E67), Bhajans[title], 0), 5), ""))} -> Gajavadana Gananatha Natha Gowri Vara Tanaya Gunaalaya [ Gajavadana ... ] Vidya Dayaka Buddhi Pradayaka Siddhi Vinayaka Hey Shubha Dayaka | L67: {=IF(AND($D67="", $E67=""), "", IFNA(INDEX(Bhajans[], MATCH(IF($D67<>"", $D67, $E67), Bhajans[title], 0), 4), ""))} -> O Ganesha, the elephant-faced Lord, You are the Lord of the Divine Forces. O beloved son of Mother Gowri (Parvathi), You are full of virtues. O bestower of knowledge, intelligence, wisdom and power, You are the conferrer of all auspiciousness.
A68: 45777 | B68: Jothsna | C68: {=IFNA(XLOOKUP(E68,GP_Bhajan_List[GP Bhajan List], GP_Bhajan_List[Singer]),"")} | D68: Dasharatha Nandana Rama Daya Sagara | G68: 7 Pancham / B | H68: {=IFNA(INDEX(Pitches[],MATCH($G68,Pitches[Pitches],0),2),"")} -> F# | I68: {=IF( AND(D68="", E68=""), "", IFNA( IF( INDEX(Singers[], MATCH(IF(D68<>"", B68, C68), Singers[Singers], 0), 2, 0) = "Gents", INDEX(Bhajans[], MATCH(IF(D68<>"", D68, E68), Bhajans[title], 0), 13), INDEX(Bhajans[], MATCH(IF(D68<>"", D68, E68), Bhajans[title], 0), 14) ), "" ) )} | J68: {=IF(AND($D68="", $E68=""), "", IFNA(INDEX(Bhajans[], MATCH(IF($D68<>"", $D68, $E68), Bhajans[title], 0), 9), ""))} | K68: {=IF(AND($D68="", $E68=""), "", IFNA(INDEX(Bhajans[], MATCH(IF($D68<>"", $D68, $E68), Bhajans[title], 0), 5), ""))} | L68: {=IF(AND($D68="", $E68=""), "", IFNA(INDEX(Bhajans[], MATCH(IF($D68<>"", $D68, $E68), Bhajans[title], 0), 4), ""))}
A69: 45777 | B69: Ashwin | C69: {=IFNA(XLOOKUP(E69,GP_Bhajan_List[GP Bhajan List], GP_Bhajan_List[Singer]),"")} | D69: Madhuvana Sanchari Shyama Murari | G69: 5 Pancham / G | H69: {=IFNA(INDEX(Pitches[],MATCH($G69,Pitches[Pitches],0),2),"")} -> D | I69: {=IF( AND(D69="", E69=""), "", IFNA( IF( INDEX(Singers[], MATCH(IF(D69<>"", B69, C69), Singers[Singers], 0), 2, 0) = "Gents", INDEX(Bhajans[], MATCH(IF(D69<>"", D69, E69), Bhajans[title], 0), 13), INDEX(Bhajans[], MATCH(IF(D69<>"", D69, E69), Bhajans[title], 0), 14) ), "" ) )} -> 2 Madhyam / G | J69: {=IF(AND($D69="", $E69=""), "", IFNA(INDEX(Bhajans[], MATCH(IF($D69<>"", $D69, $E69), Bhajans[title], 0), 9), ""))} -> Mishra Rageshri | K69: {=IF(AND($D69="", $E69=""), "", IFNA(INDEX(Bhajans[], MATCH(IF($D69<>"", $D69, $E69), Bhajans[title], 0), 5), ""))} -> Madhuvana Sanchari Shyama Murari Sri Madhusudhana Muralidhari [ Madhuvana Sanchari ... ] Madhava Mohana Mayura Mukutadhara Mathura Natha Prabhu (Sai) Giridhari | L69: {=IF(AND($D69="", $E69=""), "", IFNA(INDEX(Bhajans[], MATCH(IF($D69<>"", $D69, $E69), Bhajans[title], 0), 4), ""))} -> Glory to You, Lord Krishna. You are the slayer of demon Mura and the one who moved about in the forest of demon Madhu to slay him. You have worn the feather of the Peacock on Your head and is the Lord of Mathura who lifted the Govardhana mountain.
A70: 45778 | B70: Pavitra | C70: {=IFNA(XLOOKUP(E70,GP_Bhajan_List[GP Bhajan List], GP_Bhajan_List[Singer]),"")} | D70: Gajamukha Gajamukha Gananatha | G70: 5 Pancham / G | H70: {=IFNA(INDEX(Pitches[],MATCH($G70,Pitches[Pitches],0),2),"")} -> D | I70: {=IF( AND(D70="", E70=""), "", IFNA( IF( INDEX(Singers[], MATCH(IF(D70<>"", B70, C70), Singers[Singers], 0), 2, 0) = "Gents", INDEX(Bhajans[], MATCH(IF(D70<>"", D70, E70), Bhajans[title], 0), 13), INDEX(Bhajans[], MATCH(IF(D70<>"", D70, E70), Bhajans[title], 0), 14) ), "" ) )} -> 5 Pancham / G | J70: {=IF(AND($D70="", $E70=""), "", IFNA(INDEX(Bhajans[], MATCH(IF($D70<>"", $D70, $E70), Bhajans[title], 0), 9), ""))} -> Nattai | K70: {=IF(AND($D70="", $E70=""), "", IFNA(INDEX(Bhajans[], MATCH(IF($D70<>"", $D70, $E70), Bhajans[title], 0), 5), ""))} -> Gajamukha Gajamukha Gananatha Suramuni Vanditha Guna Sheela [ Gajamukha ... ] Suramuni Vanditha Guna Sheela Gajamukha Gajamukha Gananatha [ Suramuni ... ] | L70: {=IF(AND($D70="", $E70=""), "", IFNA(INDEX(Bhajans[], MATCH(IF($D70<>"", $D70, $E70), Bhajans[title], 0), 4), ""))} -> We chant the glory of Gajamukha, the elephant faced Lord Ganesha, who is the leader of Ganaas (demigods), who is worshipped by the sages and noble people and who is the embodiment of virtues.
A71: 45778 | B71: Jothsna | C71: {=IFNA(XLOOKUP(E71,GP_Bhajan_List[GP Bhajan List], GP_Bhajan_List[Singer]),"")} | D71: Govinda Harey Gopala Harey | G71: 6 Pancham / A | H71: {=IFNA(INDEX(Pitches[],MATCH($G71,Pitches[Pitches],0),2),"")} -> E | I71: {=IF( AND(D71="", E71=""), "", IFNA( IF( INDEX(Singers[], MATCH(IF(D71<>"", B71, C71), Singers[Singers], 0), 2, 0) = "Gents", INDEX(Bhajans[], MATCH(IF(D71<>"", D71, E71), Bhajans[title], 0), 13), INDEX(Bhajans[], MATCH(IF(D71<>"", D71, E71), Bhajans[title], 0), 14) ), "" ) )} | J71: {=IF(AND($D71="", $E71=""), "", IFNA(INDEX(Bhajans[], MATCH(IF($D71<>"", $D71, $E71), Bhajans[title], 0), 9), ""))} | K71: {=IF(AND($D71="", $E71=""), "", IFNA(INDEX(Bhajans[], MATCH(IF($D71<>"", $D71, $E71), Bhajans[title], 0), 5), ""))} | L71: {=IF(AND($D71="", $E71=""), "", IFNA(INDEX(Bhajans[], MATCH(IF($D71<>"", $D71, $E71), Bhajans[title], 0), 4), ""))}
A72: 45778 | B72: Prithvi | C72: {=IFNA(XLOOKUP(E72,GP_Bhajan_List[GP Bhajan List], GP_Bhajan_List[Singer]),"")} | D72: Hara Hara Hara Hara Samba | G72: 3 Pancham / E | H72: {=IFNA(INDEX(Pitches[],MATCH($G72,Pitches[Pitches],0),2),"")} -> B | I72: {=IF( AND(D72="", E72=""), "", IFNA( IF( INDEX(Singers[], MATCH(IF(D72<>"", B72, C72), Singers[Singers], 0), 2, 0) = "Gents", INDEX(Bhajans[], MATCH(IF(D72<>"", D72, E72), Bhajans[title], 0), 13), INDEX(Bhajans[], MATCH(IF(D72<>"", D72, E72), Bhajans[title], 0), 14) ), "" ) )} -> 2 Pancham / D | J72: {=IF(AND($D72="", $E72=""), "", IFNA(INDEX(Bhajans[], MATCH(IF($D72<>"", $D72, $E72), Bhajans[title], 0), 9), ""))} -> Mohanam / Bhoop | K72: {=IF(AND($D72="", $E72=""), "", IFNA(INDEX(Bhajans[], MATCH(IF($D72<>"", $D72, $E72), Bhajans[title], 0), 5), ""))} -> Hara Hara Hara Hara Samba Shiva Vibhuti Sundara Sai Shiva Gangadhara Hara Gowri Shiva Trishoola Dhari Trinetra Shiva Parthi Puri Paramesha Shiva [ Vibhuti Sundara ... ] | L72: {=IF(AND($D72="", $E72=""), "", IFNA(INDEX(Bhajans[], MATCH(IF($D72<>"", $D72, $E72), Bhajans[title], 0), 4), ""))} -> Chant the name of Shiva the three-eyed destroyer of evil. He bears the Ganges and the trident; chant the name of Sai Shiva of Parthi Who is adorned with holy ash.
A73: 45783 | B73: Sailavan | C73: {=IFNA(XLOOKUP(E73,GP_Bhajan_List[GP Bhajan List], GP_Bhajan_List[Singer]),"")} | D73: Adi Poojya Deva Gajanana | G73: 1.5 Pancham / C# | H73: {=IFNA(INDEX(Pitches[],MATCH($G73,Pitches[Pitches],0),2),"")} -> G# | I73: {=IF( AND(D73="", E73=""), "", IFNA( IF( INDEX(Singers[], MATCH(IF(D73<>"", B73, C73), Singers[Singers], 0), 2, 0) = "Gents", INDEX(Bhajans[], MATCH(IF(D73<>"", D73, E73), Bhajans[title], 0), 13), INDEX(Bhajans[], MATCH(IF(D73<>"", D73, E73), Bhajans[title], 0), 14) ), "" ) )} -> 1.5 Pancham / C# | J73: {=IF(AND($D73="", $E73=""), "", IFNA(INDEX(Bhajans[], MATCH(IF($D73<>"", $D73, $E73), Bhajans[title], 0), 9), ""))} -> Mishra Gowri Manohari / Patdeep | K73: {=IF(AND($D73="", $E73=""), "", IFNA(INDEX(Bhajans[], MATCH(IF($D73<>"", $D73, $E73), Bhajans[title], 0), 5), ""))} -> Adi Poojya Deva Gajanana Gowrivara Tanaya Shubhanana [ Adi Poojya ... ] Vighna Vinashaka Siddhi Vinayaka Jaya Jagavandana Tava Charanam | L73: {=IF(AND($D73="", $E73=""), "", IFNA(INDEX(Bhajans[], MATCH(IF($D73<>"", $D73, $E73), Bhajans[title], 0), 4), ""))} -> At the outset, worship Lord Ganesha, son of Mother Gowri who bestows good fortune. He destroys difficulties and grants success. The entire Universe worships His Feet.
A74: 45783 | B74: Sriraag | C74: {=IFNA(XLOOKUP(E74,GP_Bhajan_List[GP Bhajan List], GP_Bhajan_List[Singer]),"")} | D74: Guru Devaya Namo Namo | G74: 1.5 Pancham / C# | H74: {=IFNA(INDEX(Pitches[],MATCH($G74,Pitches[Pitches],0),2),"")} -> G# | I74: {=IF( AND(D74="", E74=""), "", IFNA( IF( INDEX(Singers[], MATCH(IF(D74<>"", B74, C74), Singers[Singers], 0), 2, 0) = "Gents", INDEX(Bhajans[], MATCH(IF(D74<>"", D74, E74), Bhajans[title], 0), 13), INDEX(Bhajans[], MATCH(IF(D74<>"", D74, E74), Bhajans[title], 0), 14) ), "" ) )} -> 1.5 Pancham / C# | J74: {=IF(AND($D74="", $E74=""), "", IFNA(INDEX(Bhajans[], MATCH(IF($D74<>"", $D74, $E74), Bhajans[title], 0), 9), ""))} -> Kalyani / Yaman | K74: {=IF(AND($D74="", $E74=""), "", IFNA(INDEX(Bhajans[], MATCH(IF($D74<>"", $D74, $E74), Bhajans[title], 0), 5), ""))} -> Guru Devaya Namo Namo Hey Parameshwara Namo Namo [ Guru Devaya ... ] Omkaraya Namo Namo Parthi Pureeshwara Namo Namo Jagadeeshwaraya Namo Namo Prashanthi Eshwara Namo Namo | L74: {=IF(AND($D74="", $E74=""), "", IFNA(INDEX(Bhajans[], MATCH(IF($D74<>"", $D74, $E74), Bhajans[title], 0), 4), ""))} -> Salutations to the Supreme Noble Teacher, Lord Sai, the Supreme Lord, the Lord whose form is Om, the Lord of Prashanthi Nilayam at Puttaparthi and the Lord of the Universe.
A75: 45783 | B75: Ashwin | C75: {=IFNA(XLOOKUP(E75,GP_Bhajan_List[GP Bhajan List], GP_Bhajan_List[Singer]),"")} | D75: Dhanya Ho Eshwaramba | G75: 1 Pancham / C | H75: {=IFNA(INDEX(Pitches[],MATCH($G75,Pitches[Pitches],0),2),"")} -> G | I75: {=IF( AND(D75="", E75=""), "", IFNA( IF( INDEX(Singers[], MATCH(IF(D75<>"", B75, C75), Singers[Singers], 0), 2, 0) = "Gents", INDEX(Bhajans[], MATCH(IF(D75<>"", D75, E75), Bhajans[title], 0), 13), INDEX(Bhajans[], MATCH(IF(D75<>"", D75, E75), Bhajans[title], 0), 14) ), "" ) )} -> 1 Pancham / C | J75: {=IF(AND($D75="", $E75=""), "", IFNA(INDEX(Bhajans[], MATCH(IF($D75<>"", $D75, $E75), Bhajans[title], 0), 9), ""))} -> Sindhu Bhairavi / Bhairavi | K75: {=IF(AND($D75="", $E75=""), "", IFNA(INDEX(Bhajans[], MATCH(IF($D75<>"", $D75, $E75), Bhajans[title], 0), 5), ""))} -> Dhanya Ho Eshwaramba Jag Ko Deejo Lal Baba Dhanya Ho Dhanya Ho Kali Yug Mey Avatar Liye Sakala Charachara Ke Bhagawan Jagadodhara Sai Narayana Dhanya Ho Dhanya Ho Dhanya Ho Eshwaramba (2) | L75: {=IF(AND($D75="", $E75=""), "", IFNA(INDEX(Bhajans[], MATCH(IF($D75<>"", $D75, $E75), Bhajans[title], 0), 4), ""))} -> Glory to Thee, O auspicious Mother Eshwaramba, You have gifted Lord Sai to the world in the present Kali age. Lord Sai is verily Lord Narayana who is omnipresent and has come for the deliverance of mankind.
A76: 45784 | B76: Shravya | C76: {=IFNA(XLOOKUP(E76,GP_Bhajan_List[GP Bhajan List], GP_Bhajan_List[Singer]),"")} | D76: Jai Ganesha Paahi Maam Sri | G76: 1.5 Pancham / C# | H76: {=IFNA(INDEX(Pitches[],MATCH($G76,Pitches[Pitches],0),2),"")} -> G# | I76: {=IF( AND(D76="", E76=""), "", IFNA( IF( INDEX(Singers[], MATCH(IF(D76<>"", B76, C76), Singers[Singers], 0), 2, 0) = "Gents", INDEX(Bhajans[], MATCH(IF(D76<>"", D76, E76), Bhajans[title], 0), 13), INDEX(Bhajans[], MATCH(IF(D76<>"", D76, E76), Bhajans[title], 0), 14) ), "" ) )} -> 1 Pancham / C | J76: {=IF(AND($D76="", $E76=""), "", IFNA(INDEX(Bhajans[], MATCH(IF($D76<>"", $D76, $E76), Bhajans[title], 0), 9), ""))} -> Pahadi | K76: {=IF(AND($D76="", $E76=""), "", IFNA(INDEX(Bhajans[], MATCH(IF($D76<>"", $D76, $E76), Bhajans[title], 0), 5), ""))} -> Jai Ganesha Paahi Maam Sri Ganesha Raksha Maam Jai Ganesh Jai Ganesh Jai Ganesha Raksha Maam Lambodhara Gowri Sutha Jai Ganesha Paahi Maam Mangala Kara Sankata Hara Jai Ganesha Raksha Maam [ Jai Ganesh Jai Ganesh ...] | L76: {=IF(AND($D76="", $E76=""), "", IFNA(INDEX(Bhajans[], MATCH(IF($D76<>"", $D76, $E76), Bhajans[title], 0), 4), ""))} -> Save me Lord Ganesh, the one with a big belly and the son of Mother Gowri. Protect me O Lord Ganesh, for You destroy the plighted condition of Your devotees and confer prosperity and auspiciousness.
A77: 45784 | B77: Prasanna | C77: {=IFNA(XLOOKUP(E77,GP_Bhajan_List[GP Bhajan List], GP_Bhajan_List[Singer]),"")} | D77: Rama Krishna Vasudeva Narayana Hari | G77: 2.5 Pancham / D# | H77: {=IFNA(INDEX(Pitches[],MATCH($G77,Pitches[Pitches],0),2),"")} -> A# | I77: {=IF( AND(D77="", E77=""), "", IFNA( IF( INDEX(Singers[], MATCH(IF(D77<>"", B77, C77), Singers[Singers], 0), 2, 0) = "Gents", INDEX(Bhajans[], MATCH(IF(D77<>"", D77, E77), Bhajans[title], 0), 13), INDEX(Bhajans[], MATCH(IF(D77<>"", D77, E77), Bhajans[title], 0), 14) ), "" ) )} -> 2.5 Pancham / D# | J77: {=IF(AND($D77="", $E77=""), "", IFNA(INDEX(Bhajans[], MATCH(IF($D77<>"", $D77, $E77), Bhajans[title], 0), 9), ""))} -> Shankarabharanam / Bilawal | K77: {=IF(AND($D77="", $E77=""), "", IFNA(INDEX(Bhajans[], MATCH(IF($D77<>"", $D77, $E77), Bhajans[title], 0), 5), ""))} -> Rama Krishna Vasudeva Narayana Hari Hari Vishwa Roopa Vasudeva Narayana Hari Hari Narayana Hari Hari Om Narayana Hari Hari [ Vishwa Roopa ... ] | L77: {=IF(AND($D77="", $E77=""), "", IFNA(INDEX(Bhajans[], MATCH(IF($D77<>"", $D77, $E77), Bhajans[title], 0), 4), ""))} -> Chant the names of Lord Rama, Krishna, Vasudeva, Hari, Narayana, the all-pervading cosmic form of the Lord of Lords, Lord Hari, who is verily Lord Sai.
A78: 45784 | B78: Prithvi | C78: {=IFNA(XLOOKUP(E78,GP_Bhajan_List[GP Bhajan List], GP_Bhajan_List[Singer]),"")} | D78: Jaya Kausalya Nandana Ram Paramananda | G78: 5.5 Pancham / G# | H78: {=IFNA(INDEX(Pitches[],MATCH($G78,Pitches[Pitches],0),2),"")} -> D# | I78: {=IF( AND(D78="", E78=""), "", IFNA( IF( INDEX(Singers[], MATCH(IF(D78<>"", B78, C78), Singers[Singers], 0), 2, 0) = "Gents", INDEX(Bhajans[], MATCH(IF(D78<>"", D78, E78), Bhajans[title], 0), 13), INDEX(Bhajans[], MATCH(IF(D78<>"", D78, E78), Bhajans[title], 0), 14) ), "" ) )} -> 2 Madhyam / G | J78: {=IF(AND($D78="", $E78=""), "", IFNA(INDEX(Bhajans[], MATCH(IF($D78<>"", $D78, $E78), Bhajans[title], 0), 9), ""))} -> Pahadi | K78: {=IF(AND($D78="", $E78=""), "", IFNA(INDEX(Bhajans[], MATCH(IF($D78<>"", $D78, $E78), Bhajans[title], 0), 5), ""))} -> Jaya Kausalya Nandana Ram Paramananda Ananda Ram Jaya Shirdeesha Partheesha Ram Jaya Prashanthi Sayeesha Ram [ Jaya Kausalya ... ] Mangala Pavana Naam Jaya Sundara Vaidehi Ram Sundara Sayeesha Ram ( Jaya ) | L78: {=IF(AND($D78="", $E78=""), "", IFNA(INDEX(Bhajans[], MATCH(IF($D78<>"", $D78, $E78), Bhajans[title], 0), 4), ""))} -> Glory to the son of Kausalya, One of Supreme Bliss, who dwells in Shirdi and Prashanthi Nilayam in Parthi. The Name 'Ram' is supremely Auspicious and He is the beloved of Mother Vaidehi (Sita).
A79: 45785 | B79: Ashwin | C79: {=IFNA(XLOOKUP(E79,GP_Bhajan_List[GP Bhajan List], GP_Bhajan_List[Singer]),"")} | D79: Rama Sumira Man Rama Sumira | G79: 1.5 Pancham / C# | H79: {=IFNA(INDEX(Pitches[],MATCH($G79,Pitches[Pitches],0),2),"")} -> G# | I79: {=IF( AND(D79="", E79=""), "", IFNA( IF( INDEX(Singers[], MATCH(IF(D79<>"", B79, C79), Singers[Singers], 0), 2, 0) = "Gents", INDEX(Bhajans[], MATCH(IF(D79<>"", D79, E79), Bhajans[title], 0), 13), INDEX(Bhajans[], MATCH(IF(D79<>"", D79, E79), Bhajans[title], 0), 14) ), "" ) )} -> 1 Pancham / C | J79: {=IF(AND($D79="", $E79=""), "", IFNA(INDEX(Bhajans[], MATCH(IF($D79<>"", $D79, $E79), Bhajans[title], 0), 9), ""))} -> Shankarabharanam / Bilawal | K79: {=IF(AND($D79="", $E79=""), "", IFNA(INDEX(Bhajans[], MATCH(IF($D79<>"", $D79, $E79), Bhajans[title], 0), 5), ""))} -> Rama Sumira Man Rama Sumira Man Rama Sumira Man Ram Janaki Vallabha Dasharatha Nandana Ramachandra Sri Ram Bhaja Mana Sita Ram Ram Bhaja Mana Sita Ram Bhaja Mana Radhey Shyam Shyam Bhaja Mana Radhey Shyam Bhaja Mana Sai Ram Ram Bhaja Mana Sai Ram | L79: {=IF(AND($D79="", $E79=""), "", IFNA(INDEX(Bhajans[], MATCH(IF($D79<>"", $D79, $E79), Bhajans[title], 0), 4), ""))} -> O mind, chant the name of Lord Rama, the beloved of Sita and the son of King Dasharatha. Worship, O mind, Lord Rama, Lord Krishna and Lord Sai.
... A102: 45800 | B102: Prasanna | C102: {=IFNA(XLOOKUP(E102,GP_Bhajan_List[GP Bhajan List], GP_Bhajan_List[Singer]),"")} | D102: Madura Puri Nilayey Meenakshi | G102: 6 Pancham / A | H102: {=IFNA(INDEX(Pitches[],MATCH($G102,Pitches[Pitches],0),2),"")} -> E | I102: {=IF( AND(D102="", E102=""), "", IFNA( IF( INDEX(Singers[], MATCH(IF(D102<>"", B102, C102), Singers[Singers], 0), 2, 0) = "Gents", INDEX(Bhajans[], MATCH(IF(D102<>"", D102, E102), Bhajans[title], 0), 13), INDEX(Bhajans[], MATCH(IF(D102<>"", D102, E102), Bhajans[title], 0), 14) ), "" ) )} -> 1 Pancham / C | J102: {=IF(AND($D102="", $E102=""), "", IFNA(INDEX(Bhajans[], MATCH(IF($D102<>"", $D102, $E102), Bhajans[title], 0), 9), ""))} -> Kanada | K102: {=IF(AND($D102="", $E102=""), "", IFNA(INDEX(Bhajans[], MATCH(IF($D102<>"", $D102, $E102), Bhajans[title], 0), 5), ""))} -> Madura Puri Nilayey Meenakshi Kamakoti Nilayey Kamakshi [ Madura Puri ... ] Kashi Puradheeshwari Vishweshwari Parthi Puradheeshwari Sayeeshwari | L102: {=IF(AND($D102="", $E102=""), "", IFNA(INDEX(Bhajans[], MATCH(IF($D102<>"", $D102, $E102), Bhajans[title], 0), 4), ""))} -> Goddess Meenakshi has Her Abode in Madurai while Kamakshi has Her Abode in Kancheepuram, Vishweshwari has Her Abode in Kashi and Sayeeshwari has Her Abode in Parthi.
A103: 45800 | B103: Jothsna | C103: {=IFNA(XLOOKUP(E103,GP_Bhajan_List[GP Bhajan List], GP_Bhajan_List[Singer]),"")} | H103: {=IFNA(INDEX(Pitches[],MATCH($G103,Pitches[Pitches],0),2),"")} | I103: {=IF( AND(D103="", E103=""), "", IFNA( IF( INDEX(Singers[], MATCH(IF(D103<>"", B103, C103), Singers[Singers], 0), 2, 0) = "Gents", INDEX(Bhajans[], MATCH(IF(D103<>"", D103, E103), Bhajans[title], 0), 13), INDEX(Bhajans[], MATCH(IF(D103<>"", D103, E103), Bhajans[title], 0), 14) ), "" ) )} | J103: {=IF(AND($D103="", $E103=""), "", IFNA(INDEX(Bhajans[], MATCH(IF($D103<>"", $D103, $E103), Bhajans[title], 0), 9), ""))} | K103: {=IF(AND($D103="", $E103=""), "", IFNA(INDEX(Bhajans[], MATCH(IF($D103<>"", $D103, $E103), Bhajans[title], 0), 5), ""))} | L103: {=IF(AND($D103="", $E103=""), "", IFNA(INDEX(Bhajans[], MATCH(IF($D103<>"", $D103, $E103), Bhajans[title], 0), 4), ""))}
A104: 45802 | C104: {=IFNA(XLOOKUP(E104,GP_Bhajan_List[GP Bhajan List], GP_Bhajan_List[Singer]),"")} | H104: {=IFNA(INDEX(Pitches[],MATCH($G104,Pitches[Pitches],0),2),"")} | I104: {=IF( AND(D104="", E104=""), "", IFNA( IF( INDEX(Singers[], MATCH(IF(D104<>"", B104, C104), Singers[Singers], 0), 2, 0) = "Gents", INDEX(Bhajans[], MATCH(IF(D104<>"", D104, E104), Bhajans[title], 0), 13), INDEX(Bhajans[], MATCH(IF(D104<>"", D104, E104), Bhajans[title], 0), 14) ), "" ) )} | J104: {=IF(AND($D104="", $E104=""), "", IFNA(INDEX(Bhajans[], MATCH(IF($D104<>"", $D104, $E104), Bhajans[title], 0), 9), ""))} | K104: {=IF(AND($D104="", $E104=""), "", IFNA(INDEX(Bhajans[], MATCH(IF($D104<>"", $D104, $E104), Bhajans[title], 0), 5), ""))} | L104: {=IF(AND($D104="", $E104=""), "", IFNA(INDEX(Bhajans[], MATCH(IF($D104<>"", $D104, $E104), Bhajans[title], 0), 4), ""))}
A105: 45802 | C105: {=IFNA(XLOOKUP(E105,GP_Bhajan_List[GP Bhajan List], GP_Bhajan_List[Singer]),"")} | H105: {=IFNA(INDEX(Pitches[],MATCH($G105,Pitches[Pitches],0),2),"")} | I105: {=IF( AND(D105="", E105=""), "", IFNA( IF( INDEX(Singers[], MATCH(IF(D105<>"", B105, C105), Singers[Singers], 0), 2, 0) = "Gents", INDEX(Bhajans[], MATCH(IF(D105<>"", D105, E105), Bhajans[title], 0), 13), INDEX(Bhajans[], MATCH(IF(D105<>"", D105, E105), Bhajans[title], 0), 14) ), "" ) )} | J105: {=IF(AND($D105="", $E105=""), "", IFNA(INDEX(Bhajans[], MATCH(IF($D105<>"", $D105, $E105), Bhajans[title], 0), 9), ""))} | K105: {=IF(AND($D105="", $E105=""), "", IFNA(INDEX(Bhajans[], MATCH(IF($D105<>"", $D105, $E105), Bhajans[title], 0), 5), ""))} | L105: {=IF(AND($D105="", $E105=""), "", IFNA(INDEX(Bhajans[], MATCH(IF($D105<>"", $D105, $E105), Bhajans[title], 0), 4), ""))}
A106: 45802 | C106: {=IFNA(XLOOKUP(E106,GP_Bhajan_List[GP Bhajan List], GP_Bhajan_List[Singer]),"")} | H106: {=IFNA(INDEX(Pitches[],MATCH($G106,Pitches[Pitches],0),2),"")} | I106: {=IF( AND(D106="", E106=""), "", IFNA( IF( INDEX(Singers[], MATCH(IF(D106<>"", B106, C106), Singers[Singers], 0), 2, 0) = "Gents", INDEX(Bhajans[], MATCH(IF(D106<>"", D106, E106), Bhajans[title], 0), 13), INDEX(Bhajans[], MATCH(IF(D106<>"", D106, E106), Bhajans[title], 0), 14) ), "" ) )} | J106: {=IF(AND($D106="", $E106=""), "", IFNA(INDEX(Bhajans[], MATCH(IF($D106<>"", $D106, $E106), Bhajans[title], 0), 9), ""))} | K106: {=IF(AND($D106="", $E106=""), "", IFNA(INDEX(Bhajans[], MATCH(IF($D106<>"", $D106, $E106), Bhajans[title], 0), 5), ""))} | L106: {=IF(AND($D106="", $E106=""), "", IFNA(INDEX(Bhajans[], MATCH(IF($D106<>"", $D106, $E106), Bhajans[title], 0), 4), ""))}
A107: 45802 | C107: {=IFNA(XLOOKUP(E107,GP_Bhajan_List[GP Bhajan List], GP_Bhajan_List[Singer]),"")} | H107: {=IFNA(INDEX(Pitches[],MATCH($G107,Pitches[Pitches],0),2),"")} | I107: {=IF( AND(D107="", E107=""), "", IFNA( IF( INDEX(Singers[], MATCH(IF(D107<>"", B107, C107), Singers[Singers], 0), 2, 0) = "Gents", INDEX(Bhajans[], MATCH(IF(D107<>"", D107, E107), Bhajans[title], 0), 13), INDEX(Bhajans[], MATCH(IF(D107<>"", D107, E107), Bhajans[title], 0), 14) ), "" ) )} | J107: {=IF(AND($D107="", $E107=""), "", IFNA(INDEX(Bhajans[], MATCH(IF($D107<>"", $D107, $E107), Bhajans[title], 0), 9), ""))} | K107: {=IF(AND($D107="", $E107=""), "", IFNA(INDEX(Bhajans[], MATCH(IF($D107<>"", $D107, $E107), Bhajans[title], 0), 5), ""))} | L107: {=IF(AND($D107="", $E107=""), "", IFNA(INDEX(Bhajans[], MATCH(IF($D107<>"", $D107, $E107), Bhajans[title], 0), 4), ""))}
A108: 45804 | B108: Ashwin | C108: {=IFNA(XLOOKUP(E108,GP_Bhajan_List[GP Bhajan List], GP_Bhajan_List[Singer]),"")} | D108: Lambodhara Hey Vinayaka | G108: 2 Pancham / D | H108: {=IFNA(INDEX(Pitches[],MATCH($G108,Pitches[Pitches],0),2),"")} -> A | I108: {=IF( AND(D108="", E108=""), "", IFNA( IF( INDEX(Singers[], MATCH(IF(D108<>"", B108, C108), Singers[Singers], 0), 2, 0) = "Gents", INDEX(Bhajans[], MATCH(IF(D108<>"", D108, E108), Bhajans[title], 0), 13), INDEX(Bhajans[], MATCH(IF(D108<>"", D108, E108), Bhajans[title], 0), 14) ), "" ) )} -> 2 Pancham / D | J108: {=IF(AND($D108="", $E108=""), "", IFNA(INDEX(Bhajans[], MATCH(IF($D108<>"", $D108, $E108), Bhajans[title], 0), 9), ""))} -> Shuddha Saveri / Durga | K108: {=IF(AND($D108="", $E108=""), "", IFNA(INDEX(Bhajans[], MATCH(IF($D108<>"", $D108, $E108), Bhajans[title], 0), 5), ""))} -> Lambodhara Hey Vinayaka Vighna Harana Girija Nandana Shambhu Kumara Kalusha Vidhura Siddhi Sadana Hey Gananatha Pranavakaara Pashupathi Tanaya [ Vighna Harana ... ] | L108: {=IF(AND($D108="", $E108=""), "", IFNA(INDEX(Bhajans[], MATCH(IF($D108<>"", $D108, $E108), Bhajans[title], 0), 4), ""))} -> Glory be to the Lord of the Ganas, Lord Ganesha, the remover of obstacles, son of Mother Parvathi and Lord Shiva, one who removes our impurities and bestows us with power and wisdom, the very embodiment of the Pranava (Om).
A109: 45804 | B109: Sriraag | C109: {=IFNA(XLOOKUP(E109,GP_Bhajan_List[GP Bhajan List], GP_Bhajan_List[Singer]),"")} | D109: Raghupathey Sri Rama Chandra Raghava | G109: 2 Pancham / D | H109: {=IFNA(INDEX(Pitches[],MATCH($G109,Pitches[Pitches],0),2),"")} -> A | I109: {=IF( AND(D109="", E109=""), "", IFNA( IF( INDEX(Singers[], MATCH(IF(D109<>"", B109, C109), Singers[Singers], 0), 2, 0) = "Gents", INDEX(Bhajans[], MATCH(IF(D109<>"", D109, E109), Bhajans[title], 0), 13), INDEX(Bhajans[], MATCH(IF(D109<>"", D109, E109), Bhajans[title], 0), 14) ), "" ) )} -> 2.5 Pancham / D# | J109: {=IF(AND($D109="", $E109=""), "", IFNA(INDEX(Bhajans[], MATCH(IF($D109<>"", $D109, $E109), Bhajans[title], 0), 9), ""))} -> Maand | K109: {=IF(AND($D109="", $E109=""), "", IFNA(INDEX(Bhajans[], MATCH(IF($D109<>"", $D109, $E109), Bhajans[title], 0), 5), ""))} -> Raghupathey Sri Rama Chandra Raghava Daya Nidhey (2) Pashupathey Sri Parvatheesha Shankara Sadashiva (2) Madhava Sri Radhikesha Govinda Harey Krishna (2) | L109: {=IF(AND($D109="", $E109=""), "", IFNA(INDEX(Bhajans[], MATCH(IF($D109<>"", $D109, $E109), Bhajans[title], 0), 4), ""))} -> O Rama, Lord of the Raghus, who is still and shining as the moon, You are the Ocean of Mercy. O Lord Shiva, the beloved of Mother Parvathi, You are ever unchanging and the Source of Goodness. Oh Krishna, the Splendorous Lord of Radha, You are the protector of our souls and the remover of sorrows. Oh Lord Sai, You are Lord Rama, Lord Shiva and Lord Krishna.
A110: 45804 | B110: Shravya | C110: {=IFNA(XLOOKUP(E110,GP_Bhajan_List[GP Bhajan List], GP_Bhajan_List[Singer]),"")} | D110: Danava Bhanjana Rama Sai Shyamala | G110: 2 Pancham / D | H110: {=IFNA(INDEX(Pitches[],MATCH($G110,Pitches[Pitches],0),2),"")} -> A | I110: {=IF( AND(D110="", E110=""), "", IFNA( IF( INDEX(Singers[], MATCH(IF(D110<>"", B110, C110), Singers[Singers], 0), 2, 0) = "Gents", INDEX(Bhajans[], MATCH(IF(D110<>"", D110, E110), Bhajans[title], 0), 13), INDEX(Bhajans[], MATCH(IF(D110<>"", D110, E110), Bhajans[title], 0), 14) ), "" ) )} -> 1 Pancham / C | J110: {=IF(AND($D110="", $E110=""), "", IFNA(INDEX(Bhajans[], MATCH(IF($D110<>"", $D110, $E110), Bhajans[title], 0), 9), ""))} -> Pilu | K110: {=IF(AND($D110="", $E110=""), "", IFNA(INDEX(Bhajans[], MATCH(IF($D110<>"", $D110, $E110), Bhajans[title], 0), 5), ""))} -> Danava Bhanjana Rama Sai Shyamala Komala Ram Hey Rama Rama Jaya Rama Sai Rama Rama Ram [ Danava Bhanjana ... ] Dasharatha Nandana Rama Sai Daya Sagara Ram Deenon Ke Prabhu Rama Sai Rama Rama Ram | L110: {=IF(AND($D110="", $E110=""), "", IFNA(INDEX(Bhajans[], MATCH(IF($D110<>"", $D110, $E110), Bhajans[title], 0), 4), ""))} -> O charming and sweet Lord Rama, You annihilated the demons (Danavas). Victory to You, Lord Rama, son of Dasharatha. You are an ocean of compassion, the refuge to the destitute. O Rama, You are verily our Lord Sai Rama.
A111: 45804 | B111: Ashwin | C111: {=IFNA(XLOOKUP(E111,GP_Bhajan_List[GP Bhajan List], GP_Bhajan_List[Singer]),"")} | H111: {=IFNA(INDEX(Pitches[],MATCH($G111,Pitches[Pitches],0),2),"")} | I111: {=IF( AND(D111="", E111=""), "", IFNA( IF( INDEX(Singers[], MATCH(IF(D111<>"", B111, C111), Singers[Singers], 0), 2, 0) = "Gents", INDEX(Bhajans[], MATCH(IF(D111<>"", D111, E111), Bhajans[title], 0), 13), INDEX(Bhajans[], MATCH(IF(D111<>"", D111, E111), Bhajans[title], 0), 14) ), "" ) )} | J111: {=IF(AND($D111="", $E111=""), "", IFNA(INDEX(Bhajans[], MATCH(IF($D111<>"", $D111, $E111), Bhajans[title], 0), 9), ""))} | K111: {=IF(AND($D111="", $E111=""), "", IFNA(INDEX(Bhajans[], MATCH(IF($D111<>"", $D111, $E111), Bhajans[title], 0), 5), ""))} | L111: {=IF(AND($D111="", $E111=""), "", IFNA(INDEX(Bhajans[], MATCH(IF($D111<>"", $D111, $E111), Bhajans[title], 0), 4), ""))}
A112: 45805 | B112: Jothsna | C112: {=IFNA(XLOOKUP(E112,GP_Bhajan_List[GP Bhajan List], GP_Bhajan_List[Singer]),"")} | D112: Vighna Vinashaka Gananatha | G112: 5 Pancham / G | H112: {=IFNA(INDEX(Pitches[],MATCH($G112,Pitches[Pitches],0),2),"")} -> D | I112: {=IF( AND(D112="", E112=""), "", IFNA( IF( INDEX(Singers[], MATCH(IF(D112<>"", B112, C112), Singers[Singers], 0), 2, 0) = "Gents", INDEX(Bhajans[], MATCH(IF(D112<>"", D112, E112), Bhajans[title], 0), 13), INDEX(Bhajans[], MATCH(IF(D112<>"", D112, E112), Bhajans[title], 0), 14) ), "" ) )} -> 5.5 Pancham / G# | J112: {=IF(AND($D112="", $E112=""), "", IFNA(INDEX(Bhajans[], MATCH(IF($D112<>"", $D112, $E112), Bhajans[title], 0), 9), ""))} -> Janasammohini | K112: {=IF(AND($D112="", $E112=""), "", IFNA(INDEX(Bhajans[], MATCH(IF($D112<>"", $D112, $E112), Bhajans[title], 0), 5), ""))} -> Vighna Vinashaka Gananatha Gajanana Hey Gajavadana Gananatha Gananatha Pranava Swaroopa Gananatha Parthi Pureeshwara Gananatha [ Gajanana Hey ... ] | L112: {=IF(AND($D112="", $E112=""), "", IFNA(INDEX(Bhajans[], MATCH(IF($D112<>"", $D112, $E112), Bhajans[title], 0), 4), ""))} -> The elephant faced Lord Ganesha is the leader of ganaas (the attendants of Lord Shiva) and the destroyer of all obstacles. He is the embodiment of primordial sound "Om". He is verily Lord Sai who resides in Parthi.
A113: 45805 | B113: Prithvi | C113: {=IFNA(XLOOKUP(E113,GP_Bhajan_List[GP Bhajan List], GP_Bhajan_List[Singer]),"")} | D113: Buddha Mahavir Yesu Sai | G113: 1.5 Pancham / C# | H113: {=IFNA(INDEX(Pitches[],MATCH($G113,Pitches[Pitches],0),2),"")} -> G# | I113: {=IF( AND(D113="", E113=""), "", IFNA( IF( INDEX(Singers[], MATCH(IF(D113<>"", B113, C113), Singers[Singers], 0), 2, 0) = "Gents", INDEX(Bhajans[], MATCH(IF(D113<>"", D113, E113), Bhajans[title], 0), 13), INDEX(Bhajans[], MATCH(IF(D113<>"", D113, E113), Bhajans[title], 0), 14) ), "" ) )} -> 6.5 Pancham / A# | J113: {=IF(AND($D113="", $E113=""), "", IFNA(INDEX(Bhajans[], MATCH(IF($D113<>"", $D113, $E113), Bhajans[title], 0), 9), ""))} -> Shankarabharanam / Bilawal | K113: {=IF(AND($D113="", $E113=""), "", IFNA(INDEX(Bhajans[], MATCH(IF($D113<>"", $D113, $E113), Bhajans[title], 0), 5), ""))} -> Buddha Mahavir Yesu Sai Vahey Guru Vahey Guru Bol Manuva Allah Yesu Sadguru Sai Geeta Veda Quran Ho Sai Tan Mey Sai Man Mey Sai Rom Rom Mey Sai Sai [ Vahey Guru ... ] | L113: {=IF(AND($D113="", $E113=""), "", IFNA(INDEX(Bhajans[], MATCH(IF($D113<>"", $D113, $E113), Bhajans[title], 0), 4), ""))} -> O mind, chant the name of Vahey Guru, Buddha, Mahavir, Jesus and the Divine Preceptor Sai, who are the essence of scriptures Bagawad Gita, Quran and Bible. O Sai, You are the indweller of the body and mind and every atom of body is filled by You.
A114: 45805 | B114: Pavitra | C114: {=IFNA(XLOOKUP(E114,GP_Bhajan_List[GP Bhajan List], GP_Bhajan_List[Singer]),"")} | D114: Shiva Shiva Shiva Shiva Shivaya (~ Miyan ki Malhar) | G114: 1.5 Pancham / C# | H114: {=IFNA(INDEX(Pitches[],MATCH($G114,Pitches[Pitches],0),2),"")} -> G# | I114: {=IF( AND(D114="", E114=""), "", IFNA( IF( INDEX(Singers[], MATCH(IF(D114<>"", B114, C114), Singers[Singers], 0), 2, 0) = "Gents", INDEX(Bhajans[], MATCH(IF(D114<>"", D114, E114), Bhajans[title], 0), 13), INDEX(Bhajans[], MATCH(IF(D114<>"", D114, E114), Bhajans[title], 0), 14) ), "" ) )} -> 1 Pancham / C | J114: {=IF(AND($D114="", $E114=""), "", IFNA(INDEX(Bhajans[], MATCH(IF($D114<>"", $D114, $E114), Bhajans[title], 0), 9), ""))} -> ~ Miyan ki Malhar | K114: {=IF(AND($D114="", $E114=""), "", IFNA(INDEX(Bhajans[], MATCH(IF($D114<>"", $D114, $E114), Bhajans[title], 0), 5), ""))} -> Shiva Shiva Shiva Shiva Shivaya Namah Om Om Namah Shivaya Shivaya Namah Om [ Shiva Shiva ... ] Hara Hara Hara Hara Haraya Namah Om Om Namah Shivaya Shivaya Namah Om | L114: {=IF(AND($D114="", $E114=""), "", IFNA(INDEX(Bhajans[], MATCH(IF($D114<>"", $D114, $E114), Bhajans[title], 0), 4), ""))} -> Prostrations to You, O Lord Shiva, the destroyer of sins and evils. Let us chant "Om Namah Shivaya"
A115: 45805 | B115: Sailavan | C115: {=IFNA(XLOOKUP(E115,GP_Bhajan_List[GP Bhajan List], GP_Bhajan_List[Singer]),"")} | H115: {=IFNA(INDEX(Pitches[],MATCH($G115,Pitches[Pitches],0),2),"")} | I115: {=IF( AND(D115="", E115=""), "", IFNA( IF( INDEX(Singers[], MATCH(IF(D115<>"", B115, C115), Singers[Singers], 0), 2, 0) = "Gents", INDEX(Bhajans[], MATCH(IF(D115<>"", D115, E115), Bhajans[title], 0), 13), INDEX(Bhajans[], MATCH(IF(D115<>"", D115, E115), Bhajans[title], 0), 14) ), "" ) )} | J115: {=IF(AND($D115="", $E115=""), "", IFNA(INDEX(Bhajans[], MATCH(IF($D115<>"", $D115, $E115), Bhajans[title], 0), 9), ""))} | K115: {=IF(AND($D115="", $E115=""), "", IFNA(INDEX(Bhajans[], MATCH(IF($D115<>"", $D115, $E115), Bhajans[title], 0), 5), ""))} | L115: {=IF(AND($D115="", $E115=""), "", IFNA(INDEX(Bhajans[], MATCH(IF($D115<>"", $D115, $E115), Bhajans[title], 0), 4), ""))}
A116: 45806 | B116: Prasanna | C116: {=IFNA(XLOOKUP(E116,GP_Bhajan_List[GP Bhajan List], GP_Bhajan_List[Singer]),"")} | D116: Gajanana Gajanana (Hamir Kalyani / Kedar) | G116: 6.5 Pancham / A# | H116: {=IFNA(INDEX(Pitches[],MATCH($G116,Pitches[Pitches],0),2),"")} -> F | I116: {=IF( AND(D116="", E116=""), "", IFNA( IF( INDEX(Singers[], MATCH(IF(D116<>"", B116, C116), Singers[Singers], 0), 2, 0) = "Gents", INDEX(Bhajans[], MATCH(IF(D116<>"", D116, E116), Bhajans[title], 0), 13), INDEX(Bhajans[], MATCH(IF(D116<>"", D116, E116), Bhajans[title], 0), 14) ), "" ) )} -> 6.5 Pancham / A# | J116: {=IF(AND($D116="", $E116=""), "", IFNA(INDEX(Bhajans[], MATCH(IF($D116<>"", $D116, $E116), Bhajans[title], 0), 9), ""))} -> Hamir Kalyani / Kedar | K116: {=IF(AND($D116="", $E116=""), "", IFNA(INDEX(Bhajans[], MATCH(IF($D116<>"", $D116, $E116), Bhajans[title], 0), 5), ""))} -> Gajanana Gajanana Prathama Poojana Ganaraya [ Gajanana ... ] Prathama Prarthana Sri Ganaraya Lambodhara Ganaraya | L116: {=IF(AND($D116="", $E116=""), "", IFNA(INDEX(Bhajans[], MATCH(IF($D116<>"", $D116, $E116), Bhajans[title], 0), 4), ""))} -> O Lord Ganesha, the elephant-faced one, You are the one whom all worship and pray. You are the one to whom the first prostrations should be offered. O Ganaraya, the controller of all the Ganaas (the Demigods), we offer You our first obeisance. O mighty one, You are the King of the Divine Forces.
A117: 45806 | B117: Anvita | C117: {=IFNA(XLOOKUP(E117,GP_Bhajan_List[GP Bhajan List], GP_Bhajan_List[Singer]),"")} | D117: Punya Naam Pavitra Naam Rama | G117: 7 Pancham / B | H117: {=IFNA(INDEX(Pitches[],MATCH($G117,Pitches[Pitches],0),2),"")} -> F# | I117: {=IF( AND(D117="", E117=""), "", IFNA( IF( INDEX(Singers[], MATCH(IF(D117<>"", B117, C117), Singers[Singers], 0), 2, 0) = "Gents", INDEX(Bhajans[], MATCH(IF(D117<>"", D117, E117), Bhajans[title], 0), 13), INDEX(Bhajans[], MATCH(IF(D117<>"", D117, E117), Bhajans[title], 0), 14) ), "" ) )} -> 6.5 Pancham / A# | J117: {=IF(AND($D117="", $E117=""), "", IFNA(INDEX(Bhajans[], MATCH(IF($D117<>"", $D117, $E117), Bhajans[title], 0), 9), ""))} -> Shankarabharanam / Bilawal | K117: {=IF(AND($D117="", $E117=""), "", IFNA(INDEX(Bhajans[], MATCH(IF($D117<>"", $D117, $E117), Bhajans[title], 0), 5), ""))} -> Punya Naam Pavitra Naam Rama Naam Sai Ram Harey Krishna Harey Ram Madhura (Amrutha) Naam Sai Ram [ Punya Naam ... ] Karuna Sindhu Sita Ram Deena Bandhu Radhey Shyam [ Harey Krishna ... ] | L117: {=IF(AND($D117="", $E117=""), "", IFNA(INDEX(Bhajans[], MATCH(IF($D117<>"", $D117, $E117), Bhajans[title], 0), 4), ""))} -> Recite the pure and holy name of Lord Sai Rama. Glory to the names of the Lord Rama, Krishna and Sai Ram that are sweet and nectarine. Chant the name of Lord Krishna, the protector of the dejected and miserable. Chant the name of Lord Rama, the ocean of mercy. The names confer auspiciousness.
A118: 45806 | B118: Jothsna | C118: {=IFNA(XLOOKUP(E118,GP_Bhajan_List[GP Bhajan List], GP_Bhajan_List[Singer]),"")} | D118: Koti Pranam Shata Koti Pranam | G118: 6 Pancham / A | H118: {=IFNA(INDEX(Pitches[],MATCH($G118,Pitches[Pitches],0),2),"")} -> E | I118: {=IF( AND(D118="", E118=""), "", IFNA( IF( INDEX(Singers[], MATCH(IF(D118<>"", B118, C118), Singers[Singers], 0), 2, 0) = "Gents", INDEX(Bhajans[], MATCH(IF(D118<>"", D118, E118), Bhajans[title], 0), 13), INDEX(Bhajans[], MATCH(IF(D118<>"", D118, E118), Bhajans[title], 0), 14) ), "" ) )} -> 6 Pancham / A | J118: {=IF(AND($D118="", $E118=""), "", IFNA(INDEX(Bhajans[], MATCH(IF($D118<>"", $D118, $E118), Bhajans[title], 0), 9), ""))} -> Kalyani / Yaman | K118: {=IF(AND($D118="", $E118=""), "", IFNA(INDEX(Bhajans[], MATCH(IF($D118<>"", $D118, $E118), Bhajans[title], 0), 5), ""))} -> Koti Pranam Shata Koti Pranam Hey Deena Natha Sai Ram (3) Tum Ho Bhakthon Ke Yuga Avatar Tum Ho Ananda Nanda Ke Lal Parthi Puri Ke Sai Gopal [ Hey Deena Natha ... ] | L118: {=IF(AND($D118="", $E118=""), "", IFNA(INDEX(Bhajans[], MATCH(IF($D118<>"", $D118, $E118), Bhajans[title], 0), 4), ""))} -> Many repeated salutations to You Lord Sai, the refuge of the forlorn. You were born as the son of Nanda and presently the incarnation of our age, Sai Gopala residing at Parthi.
A119: 45806 | B119: Ashwin | C119: {=IFNA(XLOOKUP(E119,GP_Bhajan_List[GP Bhajan List], GP_Bhajan_List[Singer]),"")} | D119: Hari Hari Om Shiva Shankara | G119: 5 Pancham / G | H119: {=IFNA(INDEX(Pitches[],MATCH($G119,Pitches[Pitches],0),2),"")} -> D | I119: {=IF( AND(D119="", E119=""), "", IFNA( IF( INDEX(Singers[], MATCH(IF(D119<>"", B119, C119), Singers[Singers], 0), 2, 0) = "Gents", INDEX(Bhajans[], MATCH(IF(D119<>"", D119, E119), Bhajans[title], 0), 13), INDEX(Bhajans[], MATCH(IF(D119<>"", D119, E119), Bhajans[title], 0), 14) ), "" ) )} -> 5.5 Pancham / G# | J119: {=IF(AND($D119="", $E119=""), "", IFNA(INDEX(Bhajans[], MATCH(IF($D119<>"", $D119, $E119), Bhajans[title], 0), 9), ""))} -> ~ Shankarabharanam / Bilawal | K119: {=IF(AND($D119="", $E119=""), "", IFNA(INDEX(Bhajans[], MATCH(IF($D119<>"", $D119, $E119), Bhajans[title], 0), 5), ""))} -> Hari Hari Om Shiva Shankara Om Narayana Hari Om (2) Keshava Hey Shiva Madhava Hey Narayana Hari Om (2) Paramatma Antaryami Narayana Hari Om (3) | L119: {=IF(AND($D119="", $E119=""), "", IFNA(INDEX(Bhajans[], MATCH(IF($D119<>"", $D119, $E119), Bhajans[title], 0), 4), ""))} -> Meditate on the primordial sound Om and chant the divine names of the Lord - Hari, Shiva, Shankara, Narayana, Keshava and Madhava. Lord Narayana is the indweller, the Supreme Consciousness.
A120: 45807 | B120: Rhuben | C120: {=IFNA(XLOOKUP(E120,GP_Bhajan_List[GP Bhajan List], GP_Bhajan_List[Singer]),"")} | D120: Gowri Ganesh Uma Ganesh | G120: 5 Pancham / G | H120: {=IFNA(INDEX(Pitches[],MATCH($G120,Pitches[Pitches],0),2),"")} -> D | I120: {=IF( AND(D120="", E120=""), "", IFNA( IF( INDEX(Singers[], MATCH(IF(D120<>"", B120, C120), Singers[Singers], 0), 2, 0) = "Gents", INDEX(Bhajans[], MATCH(IF(D120<>"", D120, E120), Bhajans[title], 0), 13), INDEX(Bhajans[], MATCH(IF(D120<>"", D120, E120), Bhajans[title], 0), 14) ), "" ) )} -> 5 Pancham / G | J120: {=IF(AND($D120="", $E120=""), "", IFNA(INDEX(Bhajans[], MATCH(IF($D120<>"", $D120, $E120), Bhajans[title], 0), 9), ""))} -> Shankarabharanam / Bilawal | K120: {=IF(AND($D120="", $E120=""), "", IFNA(INDEX(Bhajans[], MATCH(IF($D120<>"", $D120, $E120), Bhajans[title], 0), 5), ""))} -> Gowri Ganesh Uma Ganesh Parvathi Nandana Sri Ganesh Sharanam Ganesh Sharanam Ganesh Shiva Nandana Ganapathi Ganesh Dancing Ganesh, Playful Ganesh, Dance with me, Play with me, be my Ganesh, Be my Ganesh, be my Ganesh, Teach me how to dance with my fears, Ganesh Kanarazu Yukute wo Hagemashi Mimamoru Ganapathi Miashi wo Agameyo (Minna Agameyo) Chikara ni Michita Ganapathi | L120: {=IF(AND($D120="", $E120=""), "", IFNA(INDEX(Bhajans[], MATCH(IF($D120<>"", $D120, $E120), Bhajans[title], 0), 4), ""))} -> Chant the name of Lord Ganesh, the beloved son of Mother Gowri. I surrender to Thee, O Lord of all Demigods, beloved child of Lord Shiva and Goddess Parvathi.
A121: 45807 | B121: Ashwin | C121: {=IFNA(XLOOKUP(E121,GP_Bhajan_List[GP Bhajan List], GP_Bhajan_List[Singer]),"")} | D121: Naada Brahmamayi Sayeeshwari | G121: 1.5 Madhyam / F# | H121: {=IFNA(INDEX(Pitches[],MATCH($G121,Pitches[Pitches],0),2),"")} -> C# | I121: {=IF( AND(D121="", E121=""), "", IFNA( IF( INDEX(Singers[], MATCH(IF(D121<>"", B121, C121), Singers[Singers], 0), 2, 0) = "Gents", INDEX(Bhajans[], MATCH(IF(D121<>"", D121, E121), Bhajans[title], 0), 13), INDEX(Bhajans[], MATCH(IF(D121<>"", D121, E121), Bhajans[title], 0), 14) ), "" ) )} -> 1 Madhyam / F | J121: {=IF(AND($D121="", $E121=""), "", IFNA(INDEX(Bhajans[], MATCH(IF($D121<>"", $D121, $E121), Bhajans[title], 0), 9), ""))} -> Chandrakauns | K121: {=IF(AND($D121="", $E121=""), "", IFNA(INDEX(Bhajans[], MATCH(IF($D121<>"", $D121, $E121), Bhajans[title], 0), 5), ""))} -> Naada Brahmamayi Sayeeshwari Bhagawathi Mata Krupa Sagari [ Naada ... ] Varahi Vaishnavi Vageshwari Matangi Mahamaye Mookambikey Parameshwari Hari Sodari Bhava Bhaya Haarini Sathya Sayeeshwari | L121: {=IF(AND($D121="", $E121=""), "", IFNA(INDEX(Bhajans[], MATCH(IF($D121<>"", $D121, $E121), Bhajans[title], 0), 4), ""))} -> O Mother Sai, the abode of divine music, You are the Ocean of compassion. You are adored by various names, Varahi (a form of Shakthi), Vaishnavi (the sister of Vishnu). You are the bestower of speech who is worshipped as Meenakshi, Mahamayi and Mookambike in various forms in temples. O Supreme Mother, the sister of Vishnu, You are the one who removes the fear of worldly existence. O Mother Sathya Sai, You are verily Mother Parvathi.
A122: 45808 | B122: Prithvi | C122: {=IFNA(XLOOKUP(E122,GP_Bhajan_List[GP Bhajan List], GP_Bhajan_List[Singer]),"")} | D122: Tum Ho Vighna Vinasha Ganesha | G122: 1.5 Madhyam / F# | H122: {=IFNA(INDEX(Pitches[],MATCH($G122,Pitches[Pitches],0),2),"")} -> C# | I122: {=IF( AND(D122="", E122=""), "", IFNA( IF( INDEX(Singers[], MATCH(IF(D122<>"", B122, C122), Singers[Singers], 0), 2, 0) = "Gents", INDEX(Bhajans[], MATCH(IF(D122<>"", D122, E122), Bhajans[title], 0), 13), INDEX(Bhajans[], MATCH(IF(D122<>"", D122, E122), Bhajans[title], 0), 14) ), "" ) )} -> 1 Madhyam / F | J122: {=IF(AND($D122="", $E122=""), "", IFNA(INDEX(Bhajans[], MATCH(IF($D122<>"", $D122, $E122), Bhajans[title], 0), 9), ""))} -> Gavati | K122: {=IF(AND($D122="", $E122=""), "", IFNA(INDEX(Bhajans[], MATCH(IF($D122<>"", $D122, $E122), Bhajans[title], 0), 5), ""))} -> Tum Ho Vighna Vinasha Ganesha (3) Parvathi Nandana Paahi Gajanana Pranava Swaroopa Parthi Pureesha Paahi Ganesha Vighna Vinasha | L122: {=IF(AND($D122="", $E122=""), "", IFNA(INDEX(Bhajans[], MATCH(IF($D122<>"", $D122, $E122), Bhajans[title], 0), 4), ""))} -> Protect me Oh Lord Ganesha, the destroyer of all obstacles, the son of Parvathi, the embodiment of primordial sound "OM" and the Lord of Parthi.
A123: 45808 | B123: Pavitra | C123: {=IFNA(XLOOKUP(E123,GP_Bhajan_List[GP Bhajan List], GP_Bhajan_List[Singer]),"")} | D123: Amba Shankari Parameshwari Shashi Shekari | G123: 1.5 Pancham / C# | H123: {=IFNA(INDEX(Pitches[],MATCH($G123,Pitches[Pitches],0),2),"")} -> G# | I123: {=IF( AND(D123="", E123=""), "", IFNA( IF( INDEX(Singers[], MATCH(IF(D123<>"", B123, C123), Singers[Singers], 0), 2, 0) = "Gents", INDEX(Bhajans[], MATCH(IF(D123<>"", D123, E123), Bhajans[title], 0), 13), INDEX(Bhajans[], MATCH(IF(D123<>"", D123, E123), Bhajans[title], 0), 14) ), "" ) )} -> 7 Pancham / B | J123: {=IF(AND($D123="", $E123=""), "", IFNA(INDEX(Bhajans[], MATCH(IF($D123<>"", $D123, $E123), Bhajans[title], 0), 9), ""))} -> Natakurinji | K123: {=IF(AND($D123="", $E123=""), "", IFNA(INDEX(Bhajans[], MATCH(IF($D123<>"", $D123, $E123), Bhajans[title], 0), 5), ""))} -> Amba Shankari Parameshwari Shashi Shekari Amba Sarveshwari Jagadeeshwari Maheshwari Amba Sundari Guna Manjari Shiva Shankari Amba Kadambari Shwetambari Hari Sodari Amba | L123: {=IF(AND($D123="", $E123=""), "", IFNA(INDEX(Bhajans[], MATCH(IF($D123<>"", $D123, $E123), Bhajans[title], 0), 4), ""))} -> Glory to Mother Shankari (Parvathi), the consort of Shiva who is adorned with the beautiful Crescent Moon. O Mother, You are the Goddess who is the Protector of the Universe, the most beautiful one with abundant good qualities. You are the sibling of Lord Hari. We offer our salutations to You.
A124: 45808 | B124: Sailavan | C124: {=IFNA(XLOOKUP(E124,GP_Bhajan_List[GP Bhajan List], GP_Bhajan_List[Singer]),"")} | D124: Aao Pyaarey Nayana Hamarey | G124: 6 Pancham / A | H124: {=IFNA(INDEX(Pitches[],MATCH($G124,Pitches[Pitches],0),2),"")} -> E | I124: {=IF( AND(D124="", E124=""), "", IFNA( IF( INDEX(Singers[], MATCH(IF(D124<>"", B124, C124), Singers[Singers], 0), 2, 0) = "Gents", INDEX(Bhajans[], MATCH(IF(D124<>"", D124, E124), Bhajans[title], 0), 13), INDEX(Bhajans[], MATCH(IF(D124<>"", D124, E124), Bhajans[title], 0), 14) ), "" ) )} -> 6 Pancham / A | J124: {=IF(AND($D124="", $E124=""), "", IFNA(INDEX(Bhajans[], MATCH(IF($D124<>"", $D124, $E124), Bhajans[title], 0), 9), ""))} -> Darbari | K124: {=IF(AND($D124="", $E124=""), "", IFNA(INDEX(Bhajans[], MATCH(IF($D124<>"", $D124, $E124), Bhajans[title], 0), 5), ""))} -> Aao Pyaarey Nayana Hamarey Sai Hamarey Aao Tum Bin Koi Nahin Rakhwaley Tum Bin Kaun Saharey (Baba) Tum Bin Kaun Saharey Aao Sai Pyaarey Sai Hamarey Aao (3) Aa Subete no Inochi no Kami, Sai Watashi no Ai Tada Hitasura ni Anata wo Omou Anata wa Watashi no Subete (O Baba) Anata wa Watashi no Ai (O Baba) Anata to Hitotsu ni Naru, Sai Watashi no Ai | L124: {=IF(AND($D124="", $E124=""), "", IFNA(INDEX(Bhajans[], MATCH(IF($D124<>"", $D124, $E124), Bhajans[title], 0), 4), ""))} -> Welcome, O Beloved Lord Sai, You are our protector. Without You, there is no one to protect and support us.
A125: 45811 | B125: Sailavan | C125: {=IFNA(XLOOKUP(E125,GP_Bhajan_List[GP Bhajan List], GP_Bhajan_List[Singer]),"")} | D125: Vighneshwara Gananatha Gajanana | G125: 4.5 Pancham / F# | H125: {=IFNA(INDEX(Pitches[],MATCH($G125,Pitches[Pitches],0),2),"")} -> C# | I125: {=IF( AND(D125="", E125=""), "", IFNA( IF( INDEX(Singers[], MATCH(IF(D125<>"", B125, C125), Singers[Singers], 0), 2, 0) = "Gents", INDEX(Bhajans[], MATCH(IF(D125<>"", D125, E125), Bhajans[title], 0), 13), INDEX(Bhajans[], MATCH(IF(D125<>"", D125, E125), Bhajans[title], 0), 14) ), "" ) )} -> 2.5 Pancham / D# | J125: {=IF(AND($D125="", $E125=""), "", IFNA(INDEX(Bhajans[], MATCH(IF($D125<>"", $D125, $E125), Bhajans[title], 0), 9), ""))} -> Yaman Kalyan | K125: {=IF(AND($D125="", $E125=""), "", IFNA(INDEX(Bhajans[], MATCH(IF($D125<>"", $D125, $E125), Bhajans[title], 0), 5), ""))} -> Vighneshwara Gananatha Gajanana Parvathi Nandana Shubhanana Mangala Murthy Sri Ganaraya Jaya Ganaraya Sri Ganaraya (2) Ashta (Siddhi) Vinayaka Shubhanana | L125: {=IF(AND($D125="", $E125=""), "", IFNA(INDEX(Bhajans[], MATCH(IF($D125<>"", $D125, $E125), Bhajans[title], 0), 4), ""))} -> Victory to Lord Vighneshwara (Lord Ganesha) the son of Parvathi,, having a pleasant and auspicious face, who bestows eight types of blessings. He is also known as Siddhi Vinayaka, the one who fulfills our prayers.
A126: 45811 | B126: Jothsna | C126: {=IFNA(XLOOKUP(E126,GP_Bhajan_List[GP Bhajan List], GP_Bhajan_List[Singer]),"")} | D126: Hey Sai Ranga Hey Panduranga | G126: 2 Pancham / D | H126: {=IFNA(INDEX(Pitches[],MATCH($G126,Pitches[Pitches],0),2),"")} -> A | I126: {=IF( AND(D126="", E126=""), "", IFNA( IF( INDEX(Singers[], MATCH(IF(D126<>"", B126, C126), Singers[Singers], 0), 2, 0) = "Gents", INDEX(Bhajans[], MATCH(IF(D126<>"", D126, E126), Bhajans[title], 0), 13), INDEX(Bhajans[], MATCH(IF(D126<>"", D126, E126), Bhajans[title], 0), 14) ), "" ) )} -> 5 Madhyam / C | J126: {=IF(AND($D126="", $E126=""), "", IFNA(INDEX(Bhajans[], MATCH(IF($D126<>"", $D126, $E126), Bhajans[title], 0), 9), ""))} -> Keeravani | K126: {=IF(AND($D126="", $E126=""), "", IFNA(INDEX(Bhajans[], MATCH(IF($D126<>"", $D126, $E126), Bhajans[title], 0), 5), ""))} -> Hey Sai Ranga Hey Panduranga Karunanta Ranga Hrudayanta Ranga [ Hey Sai ... ] Sri Ranga Ranga Jaya Ranga Ranga Ananda Ranga Sadananda Ranga [ Karunanta Ranga ... ] | L126: {=IF(AND($D126="", $E126=""), "", IFNA(INDEX(Bhajans[], MATCH(IF($D126<>"", $D126, $E126), Bhajans[title], 0), 4), ""))} -> O Lord Sai Ranga, You are infinitely merciful. Reciting Your name creates waves of sublime feelings and emotions in the heart. Glory to Lord Sai Ranga, who is all bliss and who is ever in bliss.
A127: 45811 | B127: Prithvi | C127: {=IFNA(XLOOKUP(E127,GP_Bhajan_List[GP Bhajan List], GP_Bhajan_List[Singer]),"")} | D127: Sada Nirantara Hari Guna Gao | G127: 5.5 Pancham / G# | H127: {=IFNA(INDEX(Pitches[],MATCH($G127,Pitches[Pitches],0),2),"")} -> D# | I127: {=IF( AND(D127="", E127=""), "", IFNA( IF( INDEX(Singers[], MATCH(IF(D127<>"", B127, C127), Singers[Singers], 0), 2, 0) = "Gents", INDEX(Bhajans[], MATCH(IF(D127<>"", D127, E127), Bhajans[title], 0), 13), INDEX(Bhajans[], MATCH(IF(D127<>"", D127, E127), Bhajans[title], 0), 14) ), "" ) )} -> 5 Pancham / G | J127: {=IF(AND($D127="", $E127=""), "", IFNA(INDEX(Bhajans[], MATCH(IF($D127<>"", $D127, $E127), Bhajans[title], 0), 9), ""))} -> Charukeshi | K127: {=IF(AND($D127="", $E127=""), "", IFNA(INDEX(Bhajans[], MATCH(IF($D127<>"", $D127, $E127), Bhajans[title], 0), 5), ""))} -> Sada Nirantara Hari Guna Gao Prema Bhakthi Se Bhajan Sunao [ Sada Nirantara ... ] Sai Nath Ke Charanon Mey Aao Man Mandir Mey Deep Jalao Jeevan Naiya Paar Lagao | L127: {=IF(AND($D127="", $E127=""), "", IFNA(INDEX(Bhajans[], MATCH(IF($D127<>"", $D127, $E127), Bhajans[title], 0), 4), ""))} -> Always sing the glory of our Lord; Let them resound with love and devotion; Come to the lotus feet of our Lord Sai; In your heart's temple, light the lamp of love; He will take you across the ocean of life.
... A144: 45816 | B144: Ashwin | C144: {=IFNA(XLOOKUP(E144,GP_Bhajan_List[GP Bhajan List], GP_Bhajan_List[Singer]),"")} | D144: Shankara Shankara (Abheri / Bhimpalas) | G144: 2 Pancham / D | H144: {=IFNA(INDEX(Pitches[],MATCH($G144,Pitches[Pitches],0),2),"")} -> A | I144: {=IF( AND(D144="", E144=""), "", IFNA( IF( INDEX(Singers[], MATCH(IF(D144<>"", B144, C144), Singers[Singers], 0), 2, 0) = "Gents", INDEX(Bhajans[], MATCH(IF(D144<>"", D144, E144), Bhajans[title], 0), 13), INDEX(Bhajans[], MATCH(IF(D144<>"", D144, E144), Bhajans[title], 0), 14) ), "" ) )} -> 1 Pancham / C | J144: {=IF(AND($D144="", $E144=""), "", IFNA(INDEX(Bhajans[], MATCH(IF($D144<>"", $D144, $E144), Bhajans[title], 0), 9), ""))} -> Abheri / Bhimpalas | K144: {=IF(AND($D144="", $E144=""), "", IFNA(INDEX(Bhajans[], MATCH(IF($D144<>"", $D144, $E144), Bhajans[title], 0), 5), ""))} -> Shankara Shankara Sai Shankara Naada Shareera Vedodhara Kali Yuga Avatara Sai Hara Shiva Shankara Sai Shiva Shiva Shankara Sai Chandrashekara Sai Parthi Shankara Sai | L144: {=IF(AND($D144="", $E144=""), "", IFNA(INDEX(Bhajans[], MATCH(IF($D144<>"", $D144, $E144), Bhajans[title], 0), 4), ""))} -> Glory to Lord Sai Shankara who is the embodiment of Music and the Vedas and who has taken the form of Sai in this age of Kali. O Lord Sai, we hail victory to You and offer our salutations to You.
A145: 45818 | B145: Sailavan | C145: {=IFNA(XLOOKUP(E145,GP_Bhajan_List[GP Bhajan List], GP_Bhajan_List[Singer]),"")} | D145: Akhila Jagat Ke Daata Sai | H145: {=IFNA(INDEX(Pitches[],MATCH($G145,Pitches[Pitches],0),2),"")} | I145: {=IF( AND(D145="", E145=""), "", IFNA( IF( INDEX(Singers[], MATCH(IF(D145<>"", B145, C145), Singers[Singers], 0), 2, 0) = "Gents", INDEX(Bhajans[], MATCH(IF(D145<>"", D145, E145), Bhajans[title], 0), 13), INDEX(Bhajans[], MATCH(IF(D145<>"", D145, E145), Bhajans[title], 0), 14) ), "" ) )} -> 7 Madhyam / E | J145: {=IF(AND($D145="", $E145=""), "", IFNA(INDEX(Bhajans[], MATCH(IF($D145<>"", $D145, $E145), Bhajans[title], 0), 9), ""))} -> Chakravakam / Ahir Bhairav | K145: {=IF(AND($D145="", $E145=""), "", IFNA(INDEX(Bhajans[], MATCH(IF($D145<>"", $D145, $E145), Bhajans[title], 0), 5), ""))} -> Akhila Jagat Ke Daata Sai Shirdi Nivasi Bhagawan Darshan Do Bhagawan (Sai) Kalimala Bhanjana Parama Dayaghana Karuna Nidhey Shirdi Vasa (Parthi Vasa) Deena Janavana Parthi Mahesha Shirdi Nivasi Bhagawan [ Darshan Do ... ] | L145: {=IF(AND($D145="", $E145=""), "", IFNA(INDEX(Bhajans[], MATCH(IF($D145<>"", $D145, $E145), Bhajans[title], 0), 4), ""))} -> O Lord Sai, the dweller of Shirdi, grace us with Your divine presence. You are the supreme reserve of compassion and kindness. Annihilate our acquired impurities. O Lord of Parthi, You are the refuge of the forlorn.
A146: 45818 | B146: Ashwin | C146: {=IFNA(XLOOKUP(E146,GP_Bhajan_List[GP Bhajan List], GP_Bhajan_List[Singer]),"")} | D146: Shiva Shiva Shankara Hara Parameshwara | G146: 1 Pancham / C | H146: {=IFNA(INDEX(Pitches[],MATCH($G146,Pitches[Pitches],0),2),"")} -> G | I146: {=IF( AND(D146="", E146=""), "", IFNA( IF( INDEX(Singers[], MATCH(IF(D146<>"", B146, C146), Singers[Singers], 0), 2, 0) = "Gents", INDEX(Bhajans[], MATCH(IF(D146<>"", D146, E146), Bhajans[title], 0), 13), INDEX(Bhajans[], MATCH(IF(D146<>"", D146, E146), Bhajans[title], 0), 14) ), "" ) )} -> 1 Pancham / C | J146: {=IF(AND($D146="", $E146=""), "", IFNA(INDEX(Bhajans[], MATCH(IF($D146<>"", $D146, $E146), Bhajans[title], 0), 9), ""))} -> Bihag | K146: {=IF(AND($D146="", $E146=""), "", IFNA(INDEX(Bhajans[], MATCH(IF($D146<>"", $D146, $E146), Bhajans[title], 0), 5), ""))} -> Shiva Shiva Shankara Hara Parameshwara Bala Gangadhara Sai Shiva Shiva Shankara Parthi Pureeshwara Nata Shiva Shankara Sai [ Bala Gangadhara ... ] | L146: {=IF(AND($D146="", $E146=""), "", IFNA(INDEX(Bhajans[], MATCH(IF($D146<>"", $D146, $E146), Bhajans[title], 0), 4), ""))} -> Worship Shiva who is also known as Hara, Shankara, Gangadhara, Parameshwara and Nata Shiva Shankara (the one who performs Cosmic dance). He is also Lord of Parthi.
A147: 45818 | B147: Sailavan | C147: {=IFNA(XLOOKUP(E147,GP_Bhajan_List[GP Bhajan List], GP_Bhajan_List[Singer]),"")} | D147: Parama Dayalu Sai Ram (Hey) | H147: {=IFNA(INDEX(Pitches[],MATCH($G147,Pitches[Pitches],0),2),"")} | I147: {=IF( AND(D147="", E147=""), "", IFNA( IF( INDEX(Singers[], MATCH(IF(D147<>"", B147, C147), Singers[Singers], 0), 2, 0) = "Gents", INDEX(Bhajans[], MATCH(IF(D147<>"", D147, E147), Bhajans[title], 0), 13), INDEX(Bhajans[], MATCH(IF(D147<>"", D147, E147), Bhajans[title], 0), 14) ), "" ) )} -> 2 Madhyam / G | J147: {=IF(AND($D147="", $E147=""), "", IFNA(INDEX(Bhajans[], MATCH(IF($D147<>"", $D147, $E147), Bhajans[title], 0), 9), ""))} -> Bageshri | K147: {=IF(AND($D147="", $E147=""), "", IFNA(INDEX(Bhajans[], MATCH(IF($D147<>"", $D147, $E147), Bhajans[title], 0), 5), ""))} -> Parama Dayalu Sai Ram (Hey) Bhagawan Bhagawan [ (Hey) Parama Dayalu ... ] Treta Yug Mey Dasharatha Nandana Dwapara Yug Mey Murali Mohana Kali Yuga Mey Sai Narayana Ek Prabhu Anek Naam | L147: {=IF(AND($D147="", $E147=""), "", IFNA(INDEX(Bhajans[], MATCH(IF($D147<>"", $D147, $E147), Bhajans[title], 0), 4), ""))} -> O Lord Sai, You are the most merciful Lord who incarnated as Rama, son of King Dasharatha in the Treta Age. In the age of Dwapara, You incarnated as the charming and enchanting Flutist, Krishna and in this present age of Kali, as Lord Sai Narayana. You are the One Lord assuming many names and forms.
A148: 45818 | B148: Ashwin | C148: {=IFNA(XLOOKUP(E148,GP_Bhajan_List[GP Bhajan List], GP_Bhajan_List[Singer]),"")} | D148: Hey Shyama Sundara Hey Sai | G148: 1.5 Pancham / C# | H148: {=IFNA(INDEX(Pitches[],MATCH($G148,Pitches[Pitches],0),2),"")} -> G# | I148: {=IF( AND(D148="", E148=""), "", IFNA( IF( INDEX(Singers[], MATCH(IF(D148<>"", B148, C148), Singers[Singers], 0), 2, 0) = "Gents", INDEX(Bhajans[], MATCH(IF(D148<>"", D148, E148), Bhajans[title], 0), 13), INDEX(Bhajans[], MATCH(IF(D148<>"", D148, E148), Bhajans[title], 0), 14) ), "" ) )} -> 2 Pancham / D | J148: {=IF(AND($D148="", $E148=""), "", IFNA(INDEX(Bhajans[], MATCH(IF($D148<>"", $D148, $E148), Bhajans[title], 0), 9), ""))} -> Abheri / Bhimpalas | K148: {=IF(AND($D148="", $E148=""), "", IFNA(INDEX(Bhajans[], MATCH(IF($D148<>"", $D148, $E148), Bhajans[title], 0), 5), ""))} -> Hey Shyama Sundara Hey Sai Sundara Parthi Pureeshwara Hey Sai Sundara [ Hey Shyam ... ] Neela Megha Sundara Neeraja Lochana Brahmanda Nayaka Hey Sai Sundara | L148: {=IF(AND($D148="", $E148=""), "", IFNA(INDEX(Bhajans[], MATCH(IF($D148<>"", $D148, $E148), Bhajans[title], 0), 4), ""))} -> Glory to the Lord Sai who has charming looks and is the Lord of Parthi. He has the complexion of dark blue clouds, lotus eyed and the Lord of the Entire Universe.
A149: 45818 | B149: Sailavan | C149: {=IFNA(XLOOKUP(E149,GP_Bhajan_List[GP Bhajan List], GP_Bhajan_List[Singer]),"")} | D149: Sai Om Sai Om Sai | H149: {=IFNA(INDEX(Pitches[],MATCH($G149,Pitches[Pitches],0),2),"")} | I149: {=IF( AND(D149="", E149=""), "", IFNA( IF( INDEX(Singers[], MATCH(IF(D149<>"", B149, C149), Singers[Singers], 0), 2, 0) = "Gents", INDEX(Bhajans[], MATCH(IF(D149<>"", D149, E149), Bhajans[title], 0), 13), INDEX(Bhajans[], MATCH(IF(D149<>"", D149, E149), Bhajans[title], 0), 14) ), "" ) )} -> 2 Pancham / D | J149: {=IF(AND($D149="", $E149=""), "", IFNA(INDEX(Bhajans[], MATCH(IF($D149<>"", $D149, $E149), Bhajans[title], 0), 9), ""))} -> Chakravakam / Ahir Bhairav | K149: {=IF(AND($D149="", $E149=""), "", IFNA(INDEX(Bhajans[], MATCH(IF($D149<>"", $D149, $E149), Bhajans[title], 0), 5), ""))} -> Sai Om Sai Om Sai Om Tan Man Pran Mey Sai Om [ Sai Om ... ] Shayan Sapan Mey Sai Om Gagan Pavan Mey Sai Om [ Shayan ... ] Nayan Nayan Mey Sai Om Janam Maran Mey Sai Om | L149: {=IF(AND($D149="", $E149=""), "", IFNA(INDEX(Bhajans[], MATCH(IF($D149<>"", $D149, $E149), Bhajans[title], 0), 4), ""))} -> The entire Universe is permeated with the sound of 'Sai Om' the primordial sound. 'Sai Om' is everywhere, it is in the body, in the conscience, in sleep, in dream, in the sky, ether and wind. Whatever and wherever, the eyes perceive, it is nothing but 'Sai Om'. It is from emergence to dissolution.
A150: 45818 | B150: Ashwin | C150: {=IFNA(XLOOKUP(E150,GP_Bhajan_List[GP Bhajan List], GP_Bhajan_List[Singer]),"")} | D150: Prema Swaroopini Janani Ma | G150: 1.5 Pancham / C# | H150: {=IFNA(INDEX(Pitches[],MATCH($G150,Pitches[Pitches],0),2),"")} -> G# | I150: {=IF( AND(D150="", E150=""), "", IFNA( IF( INDEX(Singers[], MATCH(IF(D150<>"", B150, C150), Singers[Singers], 0), 2, 0) = "Gents", INDEX(Bhajans[], MATCH(IF(D150<>"", D150, E150), Bhajans[title], 0), 13), INDEX(Bhajans[], MATCH(IF(D150<>"", D150, E150), Bhajans[title], 0), 14) ), "" ) )} -> 1.5 Pancham / C# | J150: {=IF(AND($D150="", $E150=""), "", IFNA(INDEX(Bhajans[], MATCH(IF($D150<>"", $D150, $E150), Bhajans[title], 0), 9), ""))} -> Shankarabharanam / Bilawal | K150: {=IF(AND($D150="", $E150=""), "", IFNA(INDEX(Bhajans[], MATCH(IF($D150<>"", $D150, $E150), Bhajans[title], 0), 5), ""))} -> Prema Swaroopini Janani Ma Charana Namostuthey Sai Ma [ Prema Swaroopini ... ] Jagadambe Krupakari Sai Ma Karunamayi Janani Sai Ma Tribhuvana Palini Sai Ma [ Charana Namostuthey ... ] | L150: {=IF(AND($D150="", $E150=""), "", IFNA(INDEX(Bhajans[], MATCH(IF($D150<>"", $D150, $E150), Bhajans[title], 0), 4), ""))} -> You are embodiment of Divine Love, O Sai, Mother of the Universe. Humble salutations at Your Holy Feet. Please have compassion for me, O Divine Mother of the three worlds.
A151: 45818 | B151: Sailavan | C151: {=IFNA(XLOOKUP(E151,GP_Bhajan_List[GP Bhajan List], GP_Bhajan_List[Singer]),"")} | D151: Hey Brahma Hey Vishnu | H151: {=IFNA(INDEX(Pitches[],MATCH($G151,Pitches[Pitches],0),2),"")} | I151: {=IF( AND(D151="", E151=""), "", IFNA( IF( INDEX(Singers[], MATCH(IF(D151<>"", B151, C151), Singers[Singers], 0), 2, 0) = "Gents", INDEX(Bhajans[], MATCH(IF(D151<>"", D151, E151), Bhajans[title], 0), 13), INDEX(Bhajans[], MATCH(IF(D151<>"", D151, E151), Bhajans[title], 0), 14) ), "" ) )} -> 1 Pancham / C | J151: {=IF(AND($D151="", $E151=""), "", IFNA(INDEX(Bhajans[], MATCH(IF($D151<>"", $D151, $E151), Bhajans[title], 0), 9), ""))} -> ~ Madhyamavati / Madhmad Sarang | K151: {=IF(AND($D151="", $E151=""), "", IFNA(INDEX(Bhajans[], MATCH(IF($D151<>"", $D151, $E151), Bhajans[title], 0), 5), ""))} -> Hey Brahma Hey Vishnu Dayamaya Hey Maheshwara Sathya Sai Parameshwara [ Hey Brahma ... ] Maha Shakthi Shiva Sai Shankara Poorna Teja Sai Avatara | L151: {=IF(AND($D151="", $E151=""), "", IFNA(INDEX(Bhajans[], MATCH(IF($D151<>"", $D151, $E151), Bhajans[title], 0), 4), ""))} -> Glory to Lord Sathya Sai who is the Creator, Sustainer and Destroyer and the Supreme Sovereign Lord who is full of compassion. Lord Sathya Sai is the Total Incarnation of the Supreme Energy.
A152: 45818 | B152: Ashwin | C152: {=IFNA(XLOOKUP(E152,GP_Bhajan_List[GP Bhajan List], GP_Bhajan_List[Singer]),"")} | D152: Gowri Nathaya Vishwanathaya | G152: 1.5 Pancham / C# | H152: {=IFNA(INDEX(Pitches[],MATCH($G152,Pitches[Pitches],0),2),"")} -> G# | I152: {=IF( AND(D152="", E152=""), "", IFNA( IF( INDEX(Singers[], MATCH(IF(D152<>"", B152, C152), Singers[Singers], 0), 2, 0) = "Gents", INDEX(Bhajans[], MATCH(IF(D152<>"", D152, E152), Bhajans[title], 0), 13), INDEX(Bhajans[], MATCH(IF(D152<>"", D152, E152), Bhajans[title], 0), 14) ), "" ) )} -> 1 Pancham / C | J152: {=IF(AND($D152="", $E152=""), "", IFNA(INDEX(Bhajans[], MATCH(IF($D152<>"", $D152, $E152), Bhajans[title], 0), 9), ""))} -> Janasammohini | K152: {=IF(AND($D152="", $E152=""), "", IFNA(INDEX(Bhajans[], MATCH(IF($D152<>"", $D152, $E152), Bhajans[title], 0), 5), ""))} -> Gowri Nathaya Vishwanathaya Sai Nathaya Namah Shivaya Gunatheethaya Gunadharaya [ Sai Nathaya ... ] Kaala Kaalaya Kaalatheethaya Kaala Roopaya Namah Shivaya Prema Roopaya Parthi Vasaya [ Sai Nathaya ... ] Om Namah Shivaya Sai Shivaya (4) | L152: {=IF(AND($D152="", $E152=""), "", IFNA(INDEX(Bhajans[], MATCH(IF($D152<>"", $D152, $E152), Bhajans[title], 0), 4), ""))} -> Obeisance to Lord Shiva, who is the consort of Gowri and the Lord of the universe. You are Sai Natha who embodies all attributes yet attributeless. You are the embodiment of time, beyond time and the Lord of time. You are the resident of Parthi whose form is Love.
A153: 45818 | B153: Sailavan | C153: {=IFNA(XLOOKUP(E153,GP_Bhajan_List[GP Bhajan List], GP_Bhajan_List[Singer]),"")} | D153: Shirdi Ke Sai Parthi Ke | H153: {=IFNA(INDEX(Pitches[],MATCH($G153,Pitches[Pitches],0),2),"")} | I153: {=IF( AND(D153="", E153=""), "", IFNA( IF( INDEX(Singers[], MATCH(IF(D153<>"", B153, C153), Singers[Singers], 0), 2, 0) = "Gents", INDEX(Bhajans[], MATCH(IF(D153<>"", D153, E153), Bhajans[title], 0), 13), INDEX(Bhajans[], MATCH(IF(D153<>"", D153, E153), Bhajans[title], 0), 14) ), "" ) )} -> 4.5 Pancham / F# | J153: {=IF(AND($D153="", $E153=""), "", IFNA(INDEX(Bhajans[], MATCH(IF($D153<>"", $D153, $E153), Bhajans[title], 0), 9), ""))} -> Natabhairavi | K153: {=IF(AND($D153="", $E153=""), "", IFNA(INDEX(Bhajans[], MATCH(IF($D153<>"", $D153, $E153), Bhajans[title], 0), 5), ""))} -> Shirdi Ke Sai Parthi Ke Baba Tum Ho Hamarey Pyaarey Sai Baba [ Shirdi Ke ... ] Premamaya Sai Prema Pradatha Eshwaramba Nandana Jagat Paripala Paapa Vinashaka Parama Krupala | L153: {=IF(AND($D153="", $E153=""), "", IFNA(INDEX(Bhajans[], MATCH(IF($D153<>"", $D153, $E153), Bhajans[title], 0), 4), ""))} -> O Lord Sai, Shirdi and Parthi are Your abodes. You are our loving Sai Baba. You are embodiment of Love and the bestower of Love. O the compassionate Son of Mother Eshwaramba, You are the sustainer of this entire Universe. O Lord, please annihilate our sins.
A154: 45818 | B154: Ashwin | C154: {=IFNA(XLOOKUP(E154,GP_Bhajan_List[GP Bhajan List], GP_Bhajan_List[Singer]),"")} | D154: Govinda Krishna Vittala Venu Gopala | G154: 1.5 Pancham / C# | H154: {=IFNA(INDEX(Pitches[],MATCH($G154,Pitches[Pitches],0),2),"")} -> G# | I154: {=IF( AND(D154="", E154=""), "", IFNA( IF( INDEX(Singers[], MATCH(IF(D154<>"", B154, C154), Singers[Singers], 0), 2, 0) = "Gents", INDEX(Bhajans[], MATCH(IF(D154<>"", D154, E154), Bhajans[title], 0), 13), INDEX(Bhajans[], MATCH(IF(D154<>"", D154, E154), Bhajans[title], 0), 14) ), "" ) )} -> 1.5 Pancham / C# | J154: {=IF(AND($D154="", $E154=""), "", IFNA(INDEX(Bhajans[], MATCH(IF($D154<>"", $D154, $E154), Bhajans[title], 0), 9), ""))} -> Abheri / Bhimpalas | K154: {=IF(AND($D154="", $E154=""), "", IFNA(INDEX(Bhajans[], MATCH(IF($D154<>"", $D154, $E154), Bhajans[title], 0), 5), ""))} -> Govinda Krishna Vittala Venu Gopala Krishna Vittala Panduranga Vittala Jaya Pandari Natha Vittala Govinda Vittala Gopala Vittala Panduranga Vittala Pandari Natha Vittala Vittala Vittala Panduranga (4) So great is Krishna’s divine Force, truly, Sai Krishna is our Cosmic Source Possible is everything, we just have to reach Krishna Sai Christ Lord Knowing Sai Christ lives within, together Peace achieved Possible is everything, but all we must do, is to pray In the heart, in the heart, Pray keeps going (4) | L154: {=IF(AND($D154="", $E154=""), "", IFNA(INDEX(Bhajans[], MATCH(IF($D154<>"", $D154, $E154), Bhajans[title], 0), 4), ""))} -> Chant the names of Lord Govinda, Lord Krishna who plays the flute, Lord Vittala and Panduranga, the Lord of Pandharpur.
A155: 45818 | B155: Sailavan | C155: {=IFNA(XLOOKUP(E155,GP_Bhajan_List[GP Bhajan List], GP_Bhajan_List[Singer]),"")} | D155: Ram Naam Bolo Sai Naam | H155: {=IFNA(INDEX(Pitches[],MATCH($G155,Pitches[Pitches],0),2),"")} | I155: {=IF( AND(D155="", E155=""), "", IFNA( IF( INDEX(Singers[], MATCH(IF(D155<>"", B155, C155), Singers[Singers], 0), 2, 0) = "Gents", INDEX(Bhajans[], MATCH(IF(D155<>"", D155, E155), Bhajans[title], 0), 13), INDEX(Bhajans[], MATCH(IF(D155<>"", D155, E155), Bhajans[title], 0), 14) ), "" ) )} -> 2 Pancham / D | J155: {=IF(AND($D155="", $E155=""), "", IFNA(INDEX(Bhajans[], MATCH(IF($D155<>"", $D155, $E155), Bhajans[title], 0), 9), ""))} -> Khamaj | K155: {=IF(AND($D155="", $E155=""), "", IFNA(INDEX(Bhajans[], MATCH(IF($D155<>"", $D155, $E155), Bhajans[title], 0), 5), ""))} -> Ram Naam Bolo Sai Naam Bolo Sai Shyam Ghana Shyam Jai Bolo Ram Naam Bolo Sai Naam Bolo Sai Shyam Ghana Shyam | L155: {=IF(AND($D155="", $E155=""), "", IFNA(INDEX(Bhajans[], MATCH(IF($D155<>"", $D155, $E155), Bhajans[title], 0), 4), ""))} -> Chant the names of Lord Rama, Lord Krishna and Lord Sai.
A156: 45818 | B156: Ashwin | C156: {=IFNA(XLOOKUP(E156,GP_Bhajan_List[GP Bhajan List], GP_Bhajan_List[Singer]),"")} | H156: {=IFNA(INDEX(Pitches[],MATCH($G156,Pitches[Pitches],0),2),"")} | I156: {=IF( AND(D156="", E156=""), "", IFNA( IF( INDEX(Singers[], MATCH(IF(D156<>"", B156, C156), Singers[Singers], 0), 2, 0) = "Gents", INDEX(Bhajans[], MATCH(IF(D156<>"", D156, E156), Bhajans[title], 0), 13), INDEX(Bhajans[], MATCH(IF(D156<>"", D156, E156), Bhajans[title], 0), 14) ), "" ) )} | J156: {=IF(AND($D156="", $E156=""), "", IFNA(INDEX(Bhajans[], MATCH(IF($D156<>"", $D156, $E156), Bhajans[title], 0), 9), ""))} | K156: {=IF(AND($D156="", $E156=""), "", IFNA(INDEX(Bhajans[], MATCH(IF($D156<>"", $D156, $E156), Bhajans[title], 0), 5), ""))} | L156: {=IF(AND($D156="", $E156=""), "", IFNA(INDEX(Bhajans[], MATCH(IF($D156<>"", $D156, $E156), Bhajans[title], 0), 4), ""))}
A157: 45819 | B157: Sailavan | C157: {=IFNA(XLOOKUP(E157,GP_Bhajan_List[GP Bhajan List], GP_Bhajan_List[Singer]),"")} | D157: Parvathi Tanaya Siddhi Vinayaka | G157: 1.5 Pancham / C# | H157: {=IFNA(INDEX(Pitches[],MATCH($G157,Pitches[Pitches],0),2),"")} -> G# | I157: {=IF( AND(D157="", E157=""), "", IFNA( IF( INDEX(Singers[], MATCH(IF(D157<>"", B157, C157), Singers[Singers], 0), 2, 0) = "Gents", INDEX(Bhajans[], MATCH(IF(D157<>"", D157, E157), Bhajans[title], 0), 13), INDEX(Bhajans[], MATCH(IF(D157<>"", D157, E157), Bhajans[title], 0), 14) ), "" ) )} -> 1 Pancham / C | J157: {=IF(AND($D157="", $E157=""), "", IFNA(INDEX(Bhajans[], MATCH(IF($D157<>"", $D157, $E157), Bhajans[title], 0), 9), ""))} -> Abheri / Bhimpalas | K157: {=IF(AND($D157="", $E157=""), "", IFNA(INDEX(Bhajans[], MATCH(IF($D157<>"", $D157, $E157), Bhajans[title], 0), 5), ""))} -> Parvathi Tanaya Siddhi Vinayaka Mangala Dayaka Deva Jai Ganesh Jai Ganesh Jai Ganesh Sindhura Vadana Prathama Vandana Alaka Niranjana Mooshika Vahana Pashankusha Dhara Shambho Nandana [ Mangala Dayaka ... ] | L157: {=IF(AND($D157="", $E157=""), "", IFNA(INDEX(Bhajans[], MATCH(IF($D157<>"", $D157, $E157), Bhajans[title], 0), 4), ""))} -> Victory to the auspicious conferring Lord Ganesha, the son of Mother Parvathi. He is the elephant-faced one to whom the foremost prayers are offered. He is the attributeless and blemishless one who has the Mouse (represents the darkness of ignorance) as His vehicle. He holds the noose and the hook and is the son of Lord Shiva.
A158: 45819 | B158: Prasanna | C158: {=IFNA(XLOOKUP(E158,GP_Bhajan_List[GP Bhajan List], GP_Bhajan_List[Singer]),"")} | D158: Krishna Krishna Mukunda Janardhana | G158: 3 Pancham / E | H158: {=IFNA(INDEX(Pitches[],MATCH($G158,Pitches[Pitches],0),2),"")} -> B | I158: {=IF( AND(D158="", E158=""), "", IFNA( IF( INDEX(Singers[], MATCH(IF(D158<>"", B158, C158), Singers[Singers], 0), 2, 0) = "Gents", INDEX(Bhajans[], MATCH(IF(D158<>"", D158, E158), Bhajans[title], 0), 13), INDEX(Bhajans[], MATCH(IF(D158<>"", D158, E158), Bhajans[title], 0), 14) ), "" ) )} -> 3 Pancham / E | J158: {=IF(AND($D158="", $E158=""), "", IFNA(INDEX(Bhajans[], MATCH(IF($D158<>"", $D158, $E158), Bhajans[title], 0), 9), ""))} -> Kalyani / Yaman | K158: {=IF(AND($D158="", $E158=""), "", IFNA(INDEX(Bhajans[], MATCH(IF($D158<>"", $D158, $E158), Bhajans[title], 0), 5), ""))} -> Krishna Krishna Mukunda Janardhana Krishna Govinda Narayana Hari Achyuthananda Govinda Madhava (2) Satchidananda Narayana Hari | L158: {=IF(AND($D158="", $E158=""), "", IFNA(INDEX(Bhajans[], MATCH(IF($D158<>"", $D158, $E158), Bhajans[title], 0), 4), ""))} -> Chant the different names of the imperishable Lord Krishna - Mukunda, Janardhana, Govinda, Narayana and Hari who is verily Truth, Awareness and Bliss.
A159: 45819 | B159: Shravya | C159: {=IFNA(XLOOKUP(E159,GP_Bhajan_List[GP Bhajan List], GP_Bhajan_List[Singer]),"")} | D159: Sai Rama Your Eyes | G159: 6 Pancham / A | H159: {=IFNA(INDEX(Pitches[],MATCH($G159,Pitches[Pitches],0),2),"")} -> E | I159: {=IF( AND(D159="", E159=""), "", IFNA( IF( INDEX(Singers[], MATCH(IF(D159<>"", B159, C159), Singers[Singers], 0), 2, 0) = "Gents", INDEX(Bhajans[], MATCH(IF(D159<>"", D159, E159), Bhajans[title], 0), 13), INDEX(Bhajans[], MATCH(IF(D159<>"", D159, E159), Bhajans[title], 0), 14) ), "" ) )} -> 6 Pancham / A | J159: {=IF(AND($D159="", $E159=""), "", IFNA(INDEX(Bhajans[], MATCH(IF($D159<>"", $D159, $E159), Bhajans[title], 0), 9), ""))} -> Harmonic Minor | K159: {=IF(AND($D159="", $E159=""), "", IFNA(INDEX(Bhajans[], MATCH(IF($D159<>"", $D159, $E159), Bhajans[title], 0), 5), ""))} -> Sai Rama Your Eyes I Am Caught In Your Eyes Sai Rama My Wants And Desires They Have Met Their Demise I Am Lost In Your Eyes Sai Rama Sai Rama Your Gaze I Am Dancing Away Sai Rama In A World Of Disguise And Maya I Am Soaring The Skies In Your Ananda Gently Falling Back In Your Arms I'm Entranced By Your Eyes Sai Rama I Am Lost In Your Eyes Sai Rama | L159: {=IF(AND($D159="", $E159=""), "", IFNA(INDEX(Bhajans[], MATCH(IF($D159<>"", $D159, $E159), Bhajans[title], 0), 4), ""))} -> Not available
A160: 45819 | B160: Ashwin | C160: {=IFNA(XLOOKUP(E160,GP_Bhajan_List[GP Bhajan List], GP_Bhajan_List[Singer]),"")} | D160: Hari Hari Om Shiva Shankara | G160: 5 Pancham / G | H160: {=IFNA(INDEX(Pitches[],MATCH($G160,Pitches[Pitches],0),2),"")} -> D | I160: {=IF( AND(D160="", E160=""), "", IFNA( IF( INDEX(Singers[], MATCH(IF(D160<>"", B160, C160), Singers[Singers], 0), 2, 0) = "Gents", INDEX(Bhajans[], MATCH(IF(D160<>"", D160, E160), Bhajans[title], 0), 13), INDEX(Bhajans[], MATCH(IF(D160<>"", D160, E160), Bhajans[title], 0), 14) ), "" ) )} -> 5.5 Pancham / G# | J160: {=IF(AND($D160="", $E160=""), "", IFNA(INDEX(Bhajans[], MATCH(IF($D160<>"", $D160, $E160), Bhajans[title], 0), 9), ""))} -> ~ Shankarabharanam / Bilawal | K160: {=IF(AND($D160="", $E160=""), "", IFNA(INDEX(Bhajans[], MATCH(IF($D160<>"", $D160, $E160), Bhajans[title], 0), 5), ""))} -> Hari Hari Om Shiva Shankara Om Narayana Hari Om (2) Keshava Hey Shiva Madhava Hey Narayana Hari Om (2) Paramatma Antaryami Narayana Hari Om (3) | L160: {=IF(AND($D160="", $E160=""), "", IFNA(INDEX(Bhajans[], MATCH(IF($D160<>"", $D160, $E160), Bhajans[title], 0), 4), ""))} -> Meditate on the primordial sound Om and chant the divine names of the Lord - Hari, Shiva, Shankara, Narayana, Keshava and Madhava. Lord Narayana is the indweller, the Supreme Consciousness.
A161: 45820 | B161: Jothsna | C161: {=IFNA(XLOOKUP(E161,GP_Bhajan_List[GP Bhajan List], GP_Bhajan_List[Singer]),"")} | D161: Vinayaka Vinayaka (Hamsadhwani) | G161: 5 Pancham / G | H161: {=IFNA(INDEX(Pitches[],MATCH($G161,Pitches[Pitches],0),2),"")} -> D | I161: {=IF( AND(D161="", E161=""), "", IFNA( IF( INDEX(Singers[], MATCH(IF(D161<>"", B161, C161), Singers[Singers], 0), 2, 0) = "Gents", INDEX(Bhajans[], MATCH(IF(D161<>"", D161, E161), Bhajans[title], 0), 13), INDEX(Bhajans[], MATCH(IF(D161<>"", D161, E161), Bhajans[title], 0), 14) ), "" ) )} -> 5 Pancham / G | J161: {=IF(AND($D161="", $E161=""), "", IFNA(INDEX(Bhajans[], MATCH(IF($D161<>"", $D161, $E161), Bhajans[title], 0), 9), ""))} -> Hamsadhwani | K161: {=IF(AND($D161="", $E161=""), "", IFNA(INDEX(Bhajans[], MATCH(IF($D161<>"", $D161, $E161), Bhajans[title], 0), 5), ""))} -> Vinayaka Vinayaka Vighna Vinashaka Vinayaka Gowri Nandana Hey Shiva Nandana Parvathi Nandana Gajanana Mooshika Vahana Gajanana Modaka Hasta Gajanana Vinayaka Vinayaka Yuku Te wo Kiyomeru Vinayaka Eichi no Hikari Parthi Gajanana Shinri he Michibiku Gajanana Seigi wo Mamoru Gajanana Om no Keshin Gajanana | L161: {=IF(AND($D161="", $E161=""), "", IFNA(INDEX(Bhajans[], MATCH(IF($D161<>"", $D161, $E161), Bhajans[title], 0), 4), ""))} -> Salutations to Lord Vinayaka (Lord Ganesha), the destroyer of obstacles, the elephant-faced son of Parvathi and Shiva, the one who rides on the mouse and the one who has Modaka (a type of sweet) in His hand.
A162: 45820 | B162: Rhuben | C162: {=IFNA(XLOOKUP(E162,GP_Bhajan_List[GP Bhajan List], GP_Bhajan_List[Singer]),"")} | D162: Bhaja Mana Govinda Gopala | G162: 4.5 Pancham / F# | H162: {=IFNA(INDEX(Pitches[],MATCH($G162,Pitches[Pitches],0),2),"")} -> C# | I162: {=IF( AND(D162="", E162=""), "", IFNA( IF( INDEX(Singers[], MATCH(IF(D162<>"", B162, C162), Singers[Singers], 0), 2, 0) = "Gents", INDEX(Bhajans[], MATCH(IF(D162<>"", D162, E162), Bhajans[title], 0), 13), INDEX(Bhajans[], MATCH(IF(D162<>"", D162, E162), Bhajans[title], 0), 14) ), "" ) )} -> 5 Pancham / G | J162: {=IF(AND($D162="", $E162=""), "", IFNA(INDEX(Bhajans[], MATCH(IF($D162<>"", $D162, $E162), Bhajans[title], 0), 9), ""))} -> Shankarabharanam / Bilawal | K162: {=IF(AND($D162="", $E162=""), "", IFNA(INDEX(Bhajans[], MATCH(IF($D162<>"", $D162, $E162), Bhajans[title], 0), 5), ""))} -> Bhaja Mana Govinda Gopala Govinda Gopala Gopala [ Bhaja Mana Govinda ... ] Govinda Bolo Hari Gopala Bolo (2) Govinda Gopala Gopala Sai Rama Sai Krishna, Sai Baba Warera no Subete wo Sasagemasu [ Sai Rama... ] Kurayami Terasu Hikari Sai Minna de Utaou Ai no Uta Sai Rama Sai Krishna, Sai Baba | L162: {=IF(AND($D162="", $E162=""), "", IFNA(INDEX(Bhajans[], MATCH(IF($D162<>"", $D162, $E162), Bhajans[title], 0), 4), ""))} -> O Mind, worship and chant the name of Govinda and Gopala (names of Lord Krishna).
A163: 45820 | B163: Prithvi | C163: {=IFNA(XLOOKUP(E163,GP_Bhajan_List[GP Bhajan List], GP_Bhajan_List[Singer]),"")} | D163: Jaya Panduranga Prabho Vittala | G163: 3 Pancham / E | H163: {=IFNA(INDEX(Pitches[],MATCH($G163,Pitches[Pitches],0),2),"")} -> B | I163: {=IF( AND(D163="", E163=""), "", IFNA( IF( INDEX(Singers[], MATCH(IF(D163<>"", B163, C163), Singers[Singers], 0), 2, 0) = "Gents", INDEX(Bhajans[], MATCH(IF(D163<>"", D163, E163), Bhajans[title], 0), 13), INDEX(Bhajans[], MATCH(IF(D163<>"", D163, E163), Bhajans[title], 0), 14) ), "" ) )} -> 2 Pancham / D | J163: {=IF(AND($D163="", $E163=""), "", IFNA(INDEX(Bhajans[], MATCH(IF($D163<>"", $D163, $E163), Bhajans[title], 0), 9), ""))} -> Sindhu Bhairavi / Bhairavi | K163: {=IF(AND($D163="", $E163=""), "", IFNA(INDEX(Bhajans[], MATCH(IF($D163<>"", $D163, $E163), Bhajans[title], 0), 5), ""))} -> Jaya Panduranga Prabho Vittala Jagadodhara Hari Vittala Panduranga Vittala Pandari Natha Vittala Sri Ramani Hrudayanta Ranga Mangala Kara Karunanta Ranga Aashritha Deena Janavana Ranga Jagadodhara Hari Vittala [ Panduranga Vittala ... ] Panduranga Vittala Pandari Natha Vittala (4) Ranga Vittala Pandu Ranga Vittala Sri Ramani Hrudayanta Ranga Mangala Kara Karunanta Ranga Ashritha Deena Janavana Ranga Jagadodhara Hari Vittala [Ranga Vittala Panduranga Vittala] | L163: {=IF(AND($D163="", $E163=""), "", IFNA(INDEX(Bhajans[], MATCH(IF($D163<>"", $D163, $E163), Bhajans[title], 0), 4), ""))} -> Victory to Lord Panduranga Vittala, the Lord of Pandharpur, the liberator of the world. Lord Ranga dwells in the heart of His consort, Mother Lakshmi. He is auspiousness personified and is the most compassionate one. He bestows benevolence and compassion on the destitute. Chant the name of Panduranga Vittala.
A164: 45820 | B164: Sailavan | C164: {=IFNA(XLOOKUP(E164,GP_Bhajan_List[GP Bhajan List], GP_Bhajan_List[Singer]),"")} | D164: Bhajorey Bhai Sai Ram (~ Shankarabharanam / Bilawal) | G164: 2 Pancham / D | H164: {=IFNA(INDEX(Pitches[],MATCH($G164,Pitches[Pitches],0),2),"")} -> A | I164: {=IF( AND(D164="", E164=""), "", IFNA( IF( INDEX(Singers[], MATCH(IF(D164<>"", B164, C164), Singers[Singers], 0), 2, 0) = "Gents", INDEX(Bhajans[], MATCH(IF(D164<>"", D164, E164), Bhajans[title], 0), 13), INDEX(Bhajans[], MATCH(IF(D164<>"", D164, E164), Bhajans[title], 0), 14) ), "" ) )} -> 2 Pancham / D | J164: {=IF(AND($D164="", $E164=""), "", IFNA(INDEX(Bhajans[], MATCH(IF($D164<>"", $D164, $E164), Bhajans[title], 0), 9), ""))} -> ~ Shankarabharanam / Bilawal | K164: {=IF(AND($D164="", $E164=""), "", IFNA(INDEX(Bhajans[], MATCH(IF($D164<>"", $D164, $E164), Bhajans[title], 0), 5), ""))} -> Bhajorey Bhai Sai Ram Shirdi (Parthi) Pureesha Sai Ram [ Bhajorey Bhai ... ] Dwarakamayi Sai Ram Sada Sukha Dayi Sai Ram Shirdi (Parthi) Pureesha Sai Ram | L164: {=IF(AND($D164="", $E164=""), "", IFNA(INDEX(Bhajans[], MATCH(IF($D164<>"", $D164, $E164), Bhajans[title], 0), 4), ""))} -> Worship Lord Sai, the Lord of Puttaparthi and Shirdi where He lived in Dwarakamayi. He is always granting happiness to all.
A165: 45821 | B165: Pavitra | C165: {=IFNA(XLOOKUP(E165,GP_Bhajan_List[GP Bhajan List], GP_Bhajan_List[Singer]),"")} | D165: Lambodhara Hey Vighneshwara | G165: 1.5 Pancham / C# | H165: {=IFNA(INDEX(Pitches[],MATCH($G165,Pitches[Pitches],0),2),"")} -> G# | I165: {=IF( AND(D165="", E165=""), "", IFNA( IF( INDEX(Singers[], MATCH(IF(D165<>"", B165, C165), Singers[Singers], 0), 2, 0) = "Gents", INDEX(Bhajans[], MATCH(IF(D165<>"", D165, E165), Bhajans[title], 0), 13), INDEX(Bhajans[], MATCH(IF(D165<>"", D165, E165), Bhajans[title], 0), 14) ), "" ) )} -> 1 Pancham / C | J165: {=IF(AND($D165="", $E165=""), "", IFNA(INDEX(Bhajans[], MATCH(IF($D165<>"", $D165, $E165), Bhajans[title], 0), 9), ""))} -> Yaman Kalyan | K165: {=IF(AND($D165="", $E165=""), "", IFNA(INDEX(Bhajans[], MATCH(IF($D165<>"", $D165, $E165), Bhajans[title], 0), 5), ""))} -> Lambodhara Hey Vighneshwara Shambhu Kumara Siddeshwara [ Lambodhara ... ] Ambika Tanaya Omkareshwara Heramba Sai Shirdeeshwara (Partheeshwara) | L165: {=IF(AND($D165="", $E165=""), "", IFNA(INDEX(Bhajans[], MATCH(IF($D165<>"", $D165, $E165), Bhajans[title], 0), 4), ""))} -> Sing the glory of Lord Ganesha who removes obstacles, the son of Shambho (Shiva) and Ambika (Parvathi) and who has a big stomach. He is the Lord of Yogis, the embodiment of Om, and is also known as Heramba. He is none other than Sai, the Lord of Shirdi and Parthi.
A166: 45821 | B166: Prithvi | C166: {=IFNA(XLOOKUP(E166,GP_Bhajan_List[GP Bhajan List], GP_Bhajan_List[Singer]),"")} | D166: Devi Sai Ma Devi Saraswathi | G166: 2 Pancham / D | H166: {=IFNA(INDEX(Pitches[],MATCH($G166,Pitches[Pitches],0),2),"")} -> A | I166: {=IF( AND(D166="", E166=""), "", IFNA( IF( INDEX(Singers[], MATCH(IF(D166<>"", B166, C166), Singers[Singers], 0), 2, 0) = "Gents", INDEX(Bhajans[], MATCH(IF(D166<>"", D166, E166), Bhajans[title], 0), 13), INDEX(Bhajans[], MATCH(IF(D166<>"", D166, E166), Bhajans[title], 0), 14) ), "" ) )} -> 1 Pancham / C | J166: {=IF(AND($D166="", $E166=""), "", IFNA(INDEX(Bhajans[], MATCH(IF($D166<>"", $D166, $E166), Bhajans[title], 0), 9), ""))} -> Valaji / Kalavati | K166: {=IF(AND($D166="", $E166=""), "", IFNA(INDEX(Bhajans[], MATCH(IF($D166<>"", $D166, $E166), Bhajans[title], 0), 5), ""))} -> Devi Sai Ma Devi Saraswathi Ma Durga Bhavani Ma Kaali Kapalini Ma Jagadodharini Ma Sai Daya Karo Ma (Sathya) | L166: {=IF(AND($D166="", $E166=""), "", IFNA(INDEX(Bhajans[], MATCH(IF($D166<>"", $D166, $E166), Bhajans[title], 0), 4), ""))} -> Worship Mother Sai, Mother Saraswathi (Goddess of knowledge and wisdom), Mother Durga Bhavani (Destroyer of the cycle of birth and death) and Mother Kaali (Destroyer of demonic qualities and the One holding a skull as a symbol). O Uplifter of the entire universe, please be compassionate towards us.
A167: 45821 | B167: Ashwin | C167: {=IFNA(XLOOKUP(E167,GP_Bhajan_List[GP Bhajan List], GP_Bhajan_List[Singer]),"")} | D167: Jagadodharini Mata Durga Jagadodharini Ma | G167: 1.5 Pancham / C# | H167: {=IFNA(INDEX(Pitches[],MATCH($G167,Pitches[Pitches],0),2),"")} -> G# | I167: {=IF( AND(D167="", E167=""), "", IFNA( IF( INDEX(Singers[], MATCH(IF(D167<>"", B167, C167), Singers[Singers], 0), 2, 0) = "Gents", INDEX(Bhajans[], MATCH(IF(D167<>"", D167, E167), Bhajans[title], 0), 13), INDEX(Bhajans[], MATCH(IF(D167<>"", D167, E167), Bhajans[title], 0), 14) ), "" ) )} -> 1 Pancham / C | J167: {=IF(AND($D167="", $E167=""), "", IFNA(INDEX(Bhajans[], MATCH(IF($D167<>"", $D167, $E167), Bhajans[title], 0), 9), ""))} -> Shankara | K167: {=IF(AND($D167="", $E167=""), "", IFNA(INDEX(Bhajans[], MATCH(IF($D167<>"", $D167, $E167), Bhajans[title], 0), 5), ""))} -> Jagadodharini Mata Durga Jagadodharini Ma Jago Jago Ma Jago Jago Ma Jago Jago Ma Janani Hey Gowri Devi Rana Chandi Devi Hey Shiva Ramana Jago Ma (2) Jago Jagadodharini Ma | L167: {=IF(AND($D167="", $E167=""), "", IFNA(INDEX(Bhajans[], MATCH(IF($D167<>"", $D167, $E167), Bhajans[title], 0), 4), ""))} -> Oh Universal Mother Durga! Awaken us from the slumber of ignorance. You are Mother Gowri and the valiant Chandi devi. Awaken us to the inherent Atmic reality, the charmer of Lord Shiva.
A168: 45821 | B168: Prithvi | C168: {=IFNA(XLOOKUP(E168,GP_Bhajan_List[GP Bhajan List], GP_Bhajan_List[Singer]),"")} | H168: {=IFNA(INDEX(Pitches[],MATCH($G168,Pitches[Pitches],0),2),"")} | I168: {=IF( AND(D168="", E168=""), "", IFNA( IF( INDEX(Singers[], MATCH(IF(D168<>"", B168, C168), Singers[Singers], 0), 2, 0) = "Gents", INDEX(Bhajans[], MATCH(IF(D168<>"", D168, E168), Bhajans[title], 0), 13), INDEX(Bhajans[], MATCH(IF(D168<>"", D168, E168), Bhajans[title], 0), 14) ), "" ) )} | J168: {=IF(AND($D168="", $E168=""), "", IFNA(INDEX(Bhajans[], MATCH(IF($D168<>"", $D168, $E168), Bhajans[title], 0), 9), ""))} | K168: {=IF(AND($D168="", $E168=""), "", IFNA(INDEX(Bhajans[], MATCH(IF($D168<>"", $D168, $E168), Bhajans[title], 0), 5), ""))} | L168: {=IF(AND($D168="", $E168=""), "", IFNA(INDEX(Bhajans[], MATCH(IF($D168<>"", $D168, $E168), Bhajans[title], 0), 4), ""))}
A169: 45839 | B169: Ashwin | C169: {=IFNA(XLOOKUP(E169,GP_Bhajan_List[GP Bhajan List], GP_Bhajan_List[Singer]),"")} | E169: Vighna Vinashaka Gananatha | G169: 1.5 Pancham / C# | H169: {=IFNA(INDEX(Pitches[],MATCH($G169,Pitches[Pitches],0),2),"")} -> G# | I169: {=IF( AND(D169="", E169=""), "", IFNA( IF( INDEX(Singers[], MATCH(IF(D169<>"", B169, C169), Singers[Singers], 0), 2, 0) = "Gents", INDEX(Bhajans[], MATCH(IF(D169<>"", D169, E169), Bhajans[title], 0), 13), INDEX(Bhajans[], MATCH(IF(D169<>"", D169, E169), Bhajans[title], 0), 14) ), "" ) )} | J169: {=IF(AND($D169="", $E169=""), "", IFNA(INDEX(Bhajans[], MATCH(IF($D169<>"", $D169, $E169), Bhajans[title], 0), 9), ""))} -> Janasammohini | K169: {=IF(AND($D169="", $E169=""), "", IFNA(INDEX(Bhajans[], MATCH(IF($D169<>"", $D169, $E169), Bhajans[title], 0), 5), ""))} -> Vighna Vinashaka Gananatha Gajanana Hey Gajavadana Gananatha Gananatha Pranava Swaroopa Gananatha Parthi Pureeshwara Gananatha [ Gajanana Hey ... ] | L169: {=IF(AND($D169="", $E169=""), "", IFNA(INDEX(Bhajans[], MATCH(IF($D169<>"", $D169, $E169), Bhajans[title], 0), 4), ""))} -> The elephant faced Lord Ganesha is the leader of ganaas (the attendants of Lord Shiva) and the destroyer of all obstacles. He is the embodiment of primordial sound "Om". He is verily Lord Sai who resides in Parthi.
A170: 45839 | B170: Sriraag | C170: {=IFNA(XLOOKUP(E170,GP_Bhajan_List[GP Bhajan List], GP_Bhajan_List[Singer]),"")} | E170: Guru Devaya Namo Namo | G170: 2 Pancham / D | H170: {=IFNA(INDEX(Pitches[],MATCH($G170,Pitches[Pitches],0),2),"")} -> A | I170: {=IF( AND(D170="", E170=""), "", IFNA( IF( INDEX(Singers[], MATCH(IF(D170<>"", B170, C170), Singers[Singers], 0), 2, 0) = "Gents", INDEX(Bhajans[], MATCH(IF(D170<>"", D170, E170), Bhajans[title], 0), 13), INDEX(Bhajans[], MATCH(IF(D170<>"", D170, E170), Bhajans[title], 0), 14) ), "" ) )} | J170: {=IF(AND($D170="", $E170=""), "", IFNA(INDEX(Bhajans[], MATCH(IF($D170<>"", $D170, $E170), Bhajans[title], 0), 9), ""))} -> Kalyani / Yaman | K170: {=IF(AND($D170="", $E170=""), "", IFNA(INDEX(Bhajans[], MATCH(IF($D170<>"", $D170, $E170), Bhajans[title], 0), 5), ""))} -> Guru Devaya Namo Namo Hey Parameshwara Namo Namo [ Guru Devaya ... ] Omkaraya Namo Namo Parthi Pureeshwara Namo Namo Jagadeeshwaraya Namo Namo Prashanthi Eshwara Namo Namo | L170: {=IF(AND($D170="", $E170=""), "", IFNA(INDEX(Bhajans[], MATCH(IF($D170<>"", $D170, $E170), Bhajans[title], 0), 4), ""))} -> Salutations to the Supreme Noble Teacher, Lord Sai, the Supreme Lord, the Lord whose form is Om, the Lord of Prashanthi Nilayam at Puttaparthi and the Lord of the Universe.
A171: 45839 | B171: Sailavan | C171: {=IFNA(XLOOKUP(E171,GP_Bhajan_List[GP Bhajan List], GP_Bhajan_List[Singer]),"")} | E171: Antar Jyothi Jalao Sai | G171: 3 Pancham / E | H171: {=IFNA(INDEX(Pitches[],MATCH($G171,Pitches[Pitches],0),2),"")} -> B | I171: {=IF( AND(D171="", E171=""), "", IFNA( IF( INDEX(Singers[], MATCH(IF(D171<>"", B171, C171), Singers[Singers], 0), 2, 0) = "Gents", INDEX(Bhajans[], MATCH(IF(D171<>"", D171, E171), Bhajans[title], 0), 13), INDEX(Bhajans[], MATCH(IF(D171<>"", D171, E171), Bhajans[title], 0), 14) ), "" ) )} | J171: {=IF(AND($D171="", $E171=""), "", IFNA(INDEX(Bhajans[], MATCH(IF($D171<>"", $D171, $E171), Bhajans[title], 0), 9), ""))} -> Kalyani / Yaman | K171: {=IF(AND($D171="", $E171=""), "", IFNA(INDEX(Bhajans[], MATCH(IF($D171<>"", $D171, $E171), Bhajans[title], 0), 5), ""))} -> Antar Jyothi Jalao Sai Brahma Sanathani Daya Karo Daya Karo Hey Poorna Jyothirmayi Shiva Shakthimayi Krupa Karo Deena Dayamayi Patitha Pavani Sai Jagat Janani Raksha (Krupa) Karo | L171: {=IF(AND($D171="", $E171=""), "", IFNA(INDEX(Bhajans[], MATCH(IF($D171<>"", $D171, $E171), Bhajans[title], 0), 4), ""))} -> Oh Mother Sai! You have neither beginning nor end. Kindly illumine our soul and shower your mercy. Oh Effulgent Mother of the Universe! You are the form of Shiva and Shakthi and merciful to the deprived. Kindly protect us. | AH171: {=XLOOKUP(E172,GP_Bhajan_List[GP Bhajan List],GP_Bhajan_List[Singer])} -> #N/A
A172: 45840 | B172: Jothsna | C172: {=IFNA(XLOOKUP(E172,GP_Bhajan_List[GP Bhajan List], GP_Bhajan_List[Singer]),"")} | E172: Gananatha Gananatha | G172: 5 Pancham / G | H172: {=IFNA(INDEX(Pitches[],MATCH($G172,Pitches[Pitches],0),2),"")} -> D | I172: {=IF( AND(D172="", E172=""), "", IFNA( IF( INDEX(Singers[], MATCH(IF(D172<>"", B172, C172), Singers[Singers], 0), 2, 0) = "Gents", INDEX(Bhajans[], MATCH(IF(D172<>"", D172, E172), Bhajans[title], 0), 13), INDEX(Bhajans[], MATCH(IF(D172<>"", D172, E172), Bhajans[title], 0), 14) ), "" ) )} | J172: {=IF(AND($D172="", $E172=""), "", IFNA(INDEX(Bhajans[], MATCH(IF($D172<>"", $D172, $E172), Bhajans[title], 0), 9), ""))} -> Sindhu Bhairavi / Bhairavi | K172: {=IF(AND($D172="", $E172=""), "", IFNA(INDEX(Bhajans[], MATCH(IF($D172<>"", $D172, $E172), Bhajans[title], 0), 5), ""))} -> Gananatha Gananatha Mooshika Vahana Jaya Gananatha Sharanam Sharanam Gananatha [ Gananatha ... ] Siddhi Vinayaka Gananatha Buddhi Pradayaka Gananatha Jagadodhara Jaya Gananatha [ Sharanam ... ] | L172: {=IF(AND($D172="", $E172=""), "", IFNA(INDEX(Bhajans[], MATCH(IF($D172<>"", $D172, $E172), Bhajans[title], 0), 4), ""))} -> Oh Lord of the Lords, Ganesha, victory to Thee whose vehicle is a mouse. You are the bestower of all powers, success and intellectual prowess. Oh Lord, the sustainer of the entire creation, we surrender at Your Lotus Feet.
A173: 45840 | B173: Anvita | C173: {=IFNA(XLOOKUP(E173,GP_Bhajan_List[GP Bhajan List], GP_Bhajan_List[Singer]),"")} | E173: Jaya Guru Omkara Jaya Jaya | G173: 2.5 Pancham / D# | H173: {=IFNA(INDEX(Pitches[],MATCH($G173,Pitches[Pitches],0),2),"")} -> A# | I173: {=IF( AND(D173="", E173=""), "", IFNA( IF( INDEX(Singers[], MATCH(IF(D173<>"", B173, C173), Singers[Singers], 0), 2, 0) = "Gents", INDEX(Bhajans[], MATCH(IF(D173<>"", D173, E173), Bhajans[title], 0), 13), INDEX(Bhajans[], MATCH(IF(D173<>"", D173, E173), Bhajans[title], 0), 14) ), "" ) )} | J173: {=IF(AND($D173="", $E173=""), "", IFNA(INDEX(Bhajans[], MATCH(IF($D173<>"", $D173, $E173), Bhajans[title], 0), 9), ""))} -> Shankarabharanam / Bilawal | K173: {=IF(AND($D173="", $E173=""), "", IFNA(INDEX(Bhajans[], MATCH(IF($D173<>"", $D173, $E173), Bhajans[title], 0), 5), ""))} -> Jaya Guru Omkara Jaya Jaya Sadguru Omkara Om Brahma Vishnu Sadashiva Hara Hara Hara Hara Mahadeva Shiva Shiva Shiva Shiva Sadashiva Watashi wo Michibiku Guru Sai, Idaina Kami Sai Baba Uchuu no Subete no Chikara no Kami yo Anata to Tomo ni Arita mou | L173: {=IF(AND($D173="", $E173=""), "", IFNA(INDEX(Bhajans[], MATCH(IF($D173<>"", $D173, $E173), Bhajans[title], 0), 4), ""))} -> Venerable salutations to our Preceptor Lord Sai, who is the form of the primordial sound Om, the creator Brahma, protector Vishnu and destroyer Shiva. Salutations to Sai who is the embodiment of Mahadeva and Sadashiva (names of Lord Shiva).
A174: 45840 | B174: Prasanna | C174: {=IFNA(XLOOKUP(E174,GP_Bhajan_List[GP Bhajan List], GP_Bhajan_List[Singer]),"")} | E174: Datta Guru Datta Guru Dattatreya | G174: 3 Pancham / E | H174: {=IFNA(INDEX(Pitches[],MATCH($G174,Pitches[Pitches],0),2),"")} -> B | I174: {=IF( AND(D174="", E174=""), "", IFNA( IF( INDEX(Singers[], MATCH(IF(D174<>"", B174, C174), Singers[Singers], 0), 2, 0) = "Gents", INDEX(Bhajans[], MATCH(IF(D174<>"", D174, E174), Bhajans[title], 0), 13), INDEX(Bhajans[], MATCH(IF(D174<>"", D174, E174), Bhajans[title], 0), 14) ), "" ) )} | J174: {=IF(AND($D174="", $E174=""), "", IFNA(INDEX(Bhajans[], MATCH(IF($D174<>"", $D174, $E174), Bhajans[title], 0), 9), ""))} -> Pilu | K174: {=IF(AND($D174="", $E174=""), "", IFNA(INDEX(Bhajans[], MATCH(IF($D174<>"", $D174, $E174), Bhajans[title], 0), 5), ""))} -> Datta Guru Datta Guru Dattatreya Guru Sai Natha Deena Natha Brahma Roopa Guru [ Datta Guru ... ] Alakh Niranjan Bhava Bhaya Bhanjana Dattatreya Guru Dattatreya Guru Sai Nath Guru | L174: {=IF(AND($D174="", $E174=""), "", IFNA(INDEX(Bhajans[], MATCH(IF($D174<>"", $D174, $E174), Bhajans[title], 0), 4), ""))} -> Chant the Holy names of the Noble Teacher Dattatreya and Lord Sai. Reciting the ever pure and spotless names of the Noble Teacher Lord Dattatreya and Lord Sainath, destroys the fear of the bondage of birth and death.
A175: 45841 | C175: {=IFNA(XLOOKUP(E175,GP_Bhajan_List[GP Bhajan List], GP_Bhajan_List[Singer]),"")} | E175: Tum Ho Vighna Vinasha Ganesha | G175: 1.5 Madhyam / F# | H175: {=IFNA(INDEX(Pitches[],MATCH($G175,Pitches[Pitches],0),2),"")} -> C# | I175: {=IF( AND(D175="", E175=""), "", IFNA( IF( INDEX(Singers[], MATCH(IF(D175<>"", B175, C175), Singers[Singers], 0), 2, 0) = "Gents", INDEX(Bhajans[], MATCH(IF(D175<>"", D175, E175), Bhajans[title], 0), 13), INDEX(Bhajans[], MATCH(IF(D175<>"", D175, E175), Bhajans[title], 0), 14) ), "" ) )} | J175: {=IF(AND($D175="", $E175=""), "", IFNA(INDEX(Bhajans[], MATCH(IF($D175<>"", $D175, $E175), Bhajans[title], 0), 9), ""))} -> Gavati | K175: {=IF(AND($D175="", $E175=""), "", IFNA(INDEX(Bhajans[], MATCH(IF($D175<>"", $D175, $E175), Bhajans[title], 0), 5), ""))} -> Tum Ho Vighna Vinasha Ganesha (3) Parvathi Nandana Paahi Gajanana Pranava Swaroopa Parthi Pureesha Paahi Ganesha Vighna Vinasha | L175: {=IF(AND($D175="", $E175=""), "", IFNA(INDEX(Bhajans[], MATCH(IF($D175<>"", $D175, $E175), Bhajans[title], 0), 4), ""))} -> Protect me Oh Lord Ganesha, the destroyer of all obstacles, the son of Parvathi, the embodiment of primordial sound "OM" and the Lord of Parthi.
A176: 45841 | C176: {=IFNA(XLOOKUP(E176,GP_Bhajan_List[GP Bhajan List], GP_Bhajan_List[Singer]),"")} | E176: Bhajorey Manuva Sadguru Deva | G176: 6 Pancham / A | H176: {=IFNA(INDEX(Pitches[],MATCH($G176,Pitches[Pitches],0),2),"")} -> E | I176: {=IF( AND(D176="", E176=""), "", IFNA( IF( INDEX(Singers[], MATCH(IF(D176<>"", B176, C176), Singers[Singers], 0), 2, 0) = "Gents", INDEX(Bhajans[], MATCH(IF(D176<>"", D176, E176), Bhajans[title], 0), 13), INDEX(Bhajans[], MATCH(IF(D176<>"", D176, E176), Bhajans[title], 0), 14) ), "" ) )} | J176: {=IF(AND($D176="", $E176=""), "", IFNA(INDEX(Bhajans[], MATCH(IF($D176<>"", $D176, $E176), Bhajans[title], 0), 9), ""))} -> Hamir Kalyani / Kedar | K176: {=IF(AND($D176="", $E176=""), "", IFNA(INDEX(Bhajans[], MATCH(IF($D176<>"", $D176, $E176), Bhajans[title], 0), 5), ""))} -> Bhajorey Manuva Sadguru Deva Parama Krupalu Sai Mahadeva [ Bhajorey Manuva ... ] Nis Din Dhyan Karoon Mein Tera Janam Janam Ka Mitey Andhera Parabrahma Parameshwara Roopa (Deva) [ Parama Krupalu ... ] Best of all, make our minds focus on Guru Sai Our Supreme Great Teacher, Sai Guru Divine [ Best of all ... ] Nights and days, pray to be immersed in God's Love Just so that we may be more divine each lifetime O Lord Brahma and Lord Shiva returned as Sai O Lord Brahma and Lord Shiva became Lord Sai [ Our Supreme ... ] | L176: {=IF(AND($D176="", $E176=""), "", IFNA(INDEX(Bhajans[], MATCH(IF($D176<>"", $D176, $E176), Bhajans[title], 0), 4), ""))} -> O Mind, chant and worship Lord Sai who is the supreme God and preceptor. O Lord, from the day I started meditating on You, the ignorance accumulated from several births is vanished. You are the Supreme God.
A177: 45841 | C177: {=IFNA(XLOOKUP(E177,GP_Bhajan_List[GP Bhajan List], GP_Bhajan_List[Singer]),"")} | E177: Sakshath Parabrahma Sai Guru Vandana | G177: 5 Pancham / G | H177: {=IFNA(INDEX(Pitches[],MATCH($G177,Pitches[Pitches],0),2),"")} -> D | I177: {=IF( AND(D177="", E177=""), "", IFNA( IF( INDEX(Singers[], MATCH(IF(D177<>"", B177, C177), Singers[Singers], 0), 2, 0) = "Gents", INDEX(Bhajans[], MATCH(IF(D177<>"", D177, E177), Bhajans[title], 0), 13), INDEX(Bhajans[], MATCH(IF(D177<>"", D177, E177), Bhajans[title], 0), 14) ), "" ) )} | J177: {=IF(AND($D177="", $E177=""), "", IFNA(INDEX(Bhajans[], MATCH(IF($D177<>"", $D177, $E177), Bhajans[title], 0), 9), ""))} -> Abheri / Bhimpalas | K177: {=IF(AND($D177="", $E177=""), "", IFNA(INDEX(Bhajans[], MATCH(IF($D177<>"", $D177, $E177), Bhajans[title], 0), 5), ""))} -> Sakshath Parabrahma Sai Guru Vandana Sathya Sai Guru Pada Ranjana Guru Paramesha Guru Brahma Guru Vishnu Mahesha Sadguru Sai Parthi Pureesha Charana Namostuthey Sai Mahesha | L177: {=IF(AND($D177="", $E177=""), "", IFNA(INDEX(Bhajans[], MATCH(IF($D177<>"", $D177, $E177), Bhajans[title], 0), 4), ""))} -> Our salutations at Your divine Lotus feet, Oh Lord Sai. You are our divine preceptor, the Supreme God, and the unified form of the Trinity (Brahma, Vishnu and Shiva).
A178: 45841 | C178: {=IFNA(XLOOKUP(E178,GP_Bhajan_List[GP Bhajan List], GP_Bhajan_List[Singer]),"")} | H178: {=IFNA(INDEX(Pitches[],MATCH($G178,Pitches[Pitches],0),2),"")} | I178: {=IF( AND(D178="", E178=""), "", IFNA( IF( INDEX(Singers[], MATCH(IF(D178<>"", B178, C178), Singers[Singers], 0), 2, 0) = "Gents", INDEX(Bhajans[], MATCH(IF(D178<>"", D178, E178), Bhajans[title], 0), 13), INDEX(Bhajans[], MATCH(IF(D178<>"", D178, E178), Bhajans[title], 0), 14) ), "" ) )} | J178: {=IF(AND($D178="", $E178=""), "", IFNA(INDEX(Bhajans[], MATCH(IF($D178<>"", $D178, $E178), Bhajans[title], 0), 9), ""))} | K178: {=IF(AND($D178="", $E178=""), "", IFNA(INDEX(Bhajans[], MATCH(IF($D178<>"", $D178, $E178), Bhajans[title], 0), 5), ""))} | L178: {=IF(AND($D178="", $E178=""), "", IFNA(INDEX(Bhajans[], MATCH(IF($D178<>"", $D178, $E178), Bhajans[title], 0), 4), ""))}
A179: 45842 | C179: {=IFNA(XLOOKUP(E179,GP_Bhajan_List[GP Bhajan List], GP_Bhajan_List[Singer]),"")} | E179: Sharanam Sharanam Paahi Gajananam | G179: 4 Pancham / F | H179: {=IFNA(INDEX(Pitches[],MATCH($G179,Pitches[Pitches],0),2),"")} -> C | I179: {=IF( AND(D179="", E179=""), "", IFNA( IF( INDEX(Singers[], MATCH(IF(D179<>"", B179, C179), Singers[Singers], 0), 2, 0) = "Gents", INDEX(Bhajans[], MATCH(IF(D179<>"", D179, E179), Bhajans[title], 0), 13), INDEX(Bhajans[], MATCH(IF(D179<>"", D179, E179), Bhajans[title], 0), 14) ), "" ) )} | J179: {=IF(AND($D179="", $E179=""), "", IFNA(INDEX(Bhajans[], MATCH(IF($D179<>"", $D179, $E179), Bhajans[title], 0), 9), ""))} -> Pahadi | K179: {=IF(AND($D179="", $E179=""), "", IFNA(INDEX(Bhajans[], MATCH(IF($D179<>"", $D179, $E179), Bhajans[title], 0), 5), ""))} -> Sharanam Sharanam Paahi Gajananam Vighna Vinashaka Gananatham Buddhi Pradayaka Paahi Gajananam Asura Nikhandana Paahi Gajananam Paahi Gajananam Paahi Gajananam [ Vighna Vinashaka ... ] | L179: {=IF(AND($D179="", $E179=""), "", IFNA(INDEX(Bhajans[], MATCH(IF($D179<>"", $D179, $E179), Bhajans[title], 0), 4), ""))} -> Surrender to Lord Gajanana, who removes and destroys all obstacles in our path to salvation, the one who bestows wisdom, the one who destroys all the demonic qualities within us.
A180: 45842 | C180: {=IFNA(XLOOKUP(E180,GP_Bhajan_List[GP Bhajan List], GP_Bhajan_List[Singer]),"")} | E180: Sanathana Sarathey Sayeesha | G180: 1.5 Madhyam / F# | H180: {=IFNA(INDEX(Pitches[],MATCH($G180,Pitches[Pitches],0),2),"")} -> C# | I180: {=IF( AND(D180="", E180=""), "", IFNA( IF( INDEX(Singers[], MATCH(IF(D180<>"", B180, C180), Singers[Singers], 0), 2, 0) = "Gents", INDEX(Bhajans[], MATCH(IF(D180<>"", D180, E180), Bhajans[title], 0), 13), INDEX(Bhajans[], MATCH(IF(D180<>"", D180, E180), Bhajans[title], 0), 14) ), "" ) )} | J180: {=IF(AND($D180="", $E180=""), "", IFNA(INDEX(Bhajans[], MATCH(IF($D180<>"", $D180, $E180), Bhajans[title], 0), 9), ""))} -> Vakulabharanam / Basant Mukhari | K180: {=IF(AND($D180="", $E180=""), "", IFNA(INDEX(Bhajans[], MATCH(IF($D180<>"", $D180, $E180), Bhajans[title], 0), 5), ""))} -> Sanathana Sarathey Sayeesha Sarvottama Guna Nidhey Paramesha Ram Sai Ram Sai Ram Ram Suramuni Vanditha Sadhu Jana Poshita Sarva Janashraya Sayeesha Sadguru Deva Satchidananda Sashtanga Sharanam Mama Guru (Sai) Deva [ Ram Sai Ram ... ] | L180: {=IF(AND($D180="", $E180=""), "", IFNA(INDEX(Bhajans[], MATCH(IF($D180<>"", $D180, $E180), Bhajans[title], 0), 4), ""))} -> Salutations at Your divine lotus feet Oh Lord Sai, You are the upholder of the "Eternal Laws" (Sanathana Dharma), the one who is the embodiment of all virtues, the one who is worshipped by sages and noble ones and the one whom the entire humanity worships.
A181: 45842 | C181: {=IFNA(XLOOKUP(E181,GP_Bhajan_List[GP Bhajan List], GP_Bhajan_List[Singer]),"")} | E181: Sai Natha Deena Natha Brahma | G181: 1 Pancham / C | H181: {=IFNA(INDEX(Pitches[],MATCH($G181,Pitches[Pitches],0),2),"")} -> G | I181: {=IF( AND(D181="", E181=""), "", IFNA( IF( INDEX(Singers[], MATCH(IF(D181<>"", B181, C181), Singers[Singers], 0), 2, 0) = "Gents", INDEX(Bhajans[], MATCH(IF(D181<>"", D181, E181), Bhajans[title], 0), 13), INDEX(Bhajans[], MATCH(IF(D181<>"", D181, E181), Bhajans[title], 0), 14) ), "" ) )} | J181: {=IF(AND($D181="", $E181=""), "", IFNA(INDEX(Bhajans[], MATCH(IF($D181<>"", $D181, $E181), Bhajans[title], 0), 9), ""))} -> Hamsadhwani | K181: {=IF(AND($D181="", $E181=""), "", IFNA(INDEX(Bhajans[], MATCH(IF($D181<>"", $D181, $E181), Bhajans[title], 0), 5), ""))} -> Sai Natha Deena Natha Brahma Roopa Sadguru Nirakara Hey Akara Sathya Sai Sadguru [ Sai Natha ... ] Omkara Sadguru Nirvikara Sadguru Nirvikara Sadguru Omkara Sadguru [ Sai Natha ... ] Mata Pitha Sadguru Sakala Tum Hi Sadguru Sakala Tum Hi Sadguru Sakala Tum Hi Sadguru | L181: {=IF(AND($D181="", $E181=""), "", IFNA(INDEX(Bhajans[], MATCH(IF($D181<>"", $D181, $E181), Bhajans[title], 0), 4), ""))} -> Salutations to You, O Lord Sai, the Supreme Guru, who is the protector of the weak and the downtrodden, who is the very embodiment of Brahman. You are the Formless One that has taken the Form of Lord Sai. Glory to You O Lord, the unperturbed one, who is present in the primordial sound "Om". Glory to You, O Divine Preceptor Sai, You are our mother, father and our everything.
A182: 45842 | C182: {=IFNA(XLOOKUP(E182,GP_Bhajan_List[GP Bhajan List], GP_Bhajan_List[Singer]),"")} | H182: {=IFNA(INDEX(Pitches[],MATCH($G182,Pitches[Pitches],0),2),"")} | I182: {=IF( AND(D182="", E182=""), "", IFNA( IF( INDEX(Singers[], MATCH(IF(D182<>"", B182, C182), Singers[Singers], 0), 2, 0) = "Gents", INDEX(Bhajans[], MATCH(IF(D182<>"", D182, E182), Bhajans[title], 0), 13), INDEX(Bhajans[], MATCH(IF(D182<>"", D182, E182), Bhajans[title], 0), 14) ), "" ) )} | J182: {=IF(AND($D182="", $E182=""), "", IFNA(INDEX(Bhajans[], MATCH(IF($D182<>"", $D182, $E182), Bhajans[title], 0), 9), ""))} | K182: {=IF(AND($D182="", $E182=""), "", IFNA(INDEX(Bhajans[], MATCH(IF($D182<>"", $D182, $E182), Bhajans[title], 0), 5), ""))} | L182: {=IF(AND($D182="", $E182=""), "", IFNA(INDEX(Bhajans[], MATCH(IF($D182<>"", $D182, $E182), Bhajans[title], 0), 4), ""))}
A183: 45843 | C183: {=IFNA(XLOOKUP(E183,GP_Bhajan_List[GP Bhajan List], GP_Bhajan_List[Singer]),"")} | E183: Maha Ganapathey Namostuthey (Hamsadhwani) | G183: 1 Pancham / C | H183: {=IFNA(INDEX(Pitches[],MATCH($G183,Pitches[Pitches],0),2),"")} -> G | I183: {=IF( AND(D183="", E183=""), "", IFNA( IF( INDEX(Singers[], MATCH(IF(D183<>"", B183, C183), Singers[Singers], 0), 2, 0) = "Gents", INDEX(Bhajans[], MATCH(IF(D183<>"", D183, E183), Bhajans[title], 0), 13), INDEX(Bhajans[], MATCH(IF(D183<>"", D183, E183), Bhajans[title], 0), 14) ), "" ) )} | J183: {=IF(AND($D183="", $E183=""), "", IFNA(INDEX(Bhajans[], MATCH(IF($D183<>"", $D183, $E183), Bhajans[title], 0), 9), ""))} -> Hamsadhwani | K183: {=IF(AND($D183="", $E183=""), "", IFNA(INDEX(Bhajans[], MATCH(IF($D183<>"", $D183, $E183), Bhajans[title], 0), 5), ""))} -> Maha Ganapathey Namostuthey Matanga Vadana Namostuthey [ Maha Ganapathey ... ] Adi Poojita Gananatha Ananda Dayaka Gananatha Prathama Vandana Pranavakara Vighneshwara Vinayaka | L183: {=IF(AND($D183="", $E183=""), "", IFNA(INDEX(Bhajans[], MATCH(IF($D183<>"", $D183, $E183), Bhajans[title], 0), 4), ""))} -> Pranaams to the elephant-faced Lord of the Ganaas, who receives the first prayer, who is the giver of bliss, the embodiment of Pranava Om and destroyer of obstacles in the path of spiritual practices.
A184: 45843 | C184: {=IFNA(XLOOKUP(E184,GP_Bhajan_List[GP Bhajan List], GP_Bhajan_List[Singer]),"")} | E184: Guruvara Naam Pavana Naam | G184: 5.5 Pancham / G# | H184: {=IFNA(INDEX(Pitches[],MATCH($G184,Pitches[Pitches],0),2),"")} -> D# | I184: {=IF( AND(D184="", E184=""), "", IFNA( IF( INDEX(Singers[], MATCH(IF(D184<>"", B184, C184), Singers[Singers], 0), 2, 0) = "Gents", INDEX(Bhajans[], MATCH(IF(D184<>"", D184, E184), Bhajans[title], 0), 13), INDEX(Bhajans[], MATCH(IF(D184<>"", D184, E184), Bhajans[title], 0), 14) ), "" ) )} | J184: {=IF(AND($D184="", $E184=""), "", IFNA(INDEX(Bhajans[], MATCH(IF($D184<>"", $D184, $E184), Bhajans[title], 0), 9), ""))} -> ~ Karaharapriya / Kafi | K184: {=IF(AND($D184="", $E184=""), "", IFNA(INDEX(Bhajans[], MATCH(IF($D184<>"", $D184, $E184), Bhajans[title], 0), 5), ""))} -> Guruvara Naam Pavana Naam Sadguru Naam Guru Nanak Naam Guruvara Naam Pavana Naam Sadguru Sai Baba Naam Jai Guru Sadguru Nanak Naam Jai Bolo Sai Baba Naam | L184: {=IF(AND($D184="", $E184=""), "", IFNA(INDEX(Bhajans[], MATCH(IF($D184<>"", $D184, $E184), Bhajans[title], 0), 4), ""))} -> Sing the names of the Guru - Guru Nanak and Sai Baba; these names purify one's heart.
A185: 45843 | C185: {=IFNA(XLOOKUP(E185,GP_Bhajan_List[GP Bhajan List], GP_Bhajan_List[Singer]),"")} | E185: Guru Mahima Gao | G185: 3 Pancham / E | H185: {=IFNA(INDEX(Pitches[],MATCH($G185,Pitches[Pitches],0),2),"")} -> B | I185: {=IF( AND(D185="", E185=""), "", IFNA( IF( INDEX(Singers[], MATCH(IF(D185<>"", B185, C185), Singers[Singers], 0), 2, 0) = "Gents", INDEX(Bhajans[], MATCH(IF(D185<>"", D185, E185), Bhajans[title], 0), 13), INDEX(Bhajans[], MATCH(IF(D185<>"", D185, E185), Bhajans[title], 0), 14) ), "" ) )} | J185: {=IF(AND($D185="", $E185=""), "", IFNA(INDEX(Bhajans[], MATCH(IF($D185<>"", $D185, $E185), Bhajans[title], 0), 9), ""))} -> Miyan ki Malhar | K185: {=IF(AND($D185="", $E185=""), "", IFNA(INDEX(Bhajans[], MATCH(IF($D185<>"", $D185, $E185), Bhajans[title], 0), 5), ""))} -> Guru Mahima Gao (3) Sadguru Sai Anantha Guru Brahmananda Ananda Guru Sarva Dharma Sathya Sai Guru Sai Guru Sathya Sai Guru [ Sarva Dharma ... ] Guru Ke Vani Gao | L185: {=IF(AND($D185="", $E185=""), "", IFNA(INDEX(Bhajans[], MATCH(IF($D185<>"", $D185, $E185), Bhajans[title], 0), 4), ""))} -> Sing about the greatness of the eternal, universal and ever-blissful teacher, Sathya Sai who loves all the religions. He is the truth, knowledge and bliss.
A186: 45843 | C186: {=IFNA(XLOOKUP(E186,GP_Bhajan_List[GP Bhajan List], GP_Bhajan_List[Singer]),"")} | H186: {=IFNA(INDEX(Pitches[],MATCH($G186,Pitches[Pitches],0),2),"")} | I186: {=IF( AND(D186="", E186=""), "", IFNA( IF( INDEX(Singers[], MATCH(IF(D186<>"", B186, C186), Singers[Singers], 0), 2, 0) = "Gents", INDEX(Bhajans[], MATCH(IF(D186<>"", D186, E186), Bhajans[title], 0), 13), INDEX(Bhajans[], MATCH(IF(D186<>"", D186, E186), Bhajans[title], 0), 14) ), "" ) )} | J186: {=IF(AND($D186="", $E186=""), "", IFNA(INDEX(Bhajans[], MATCH(IF($D186<>"", $D186, $E186), Bhajans[title], 0), 9), ""))} | K186: {=IF(AND($D186="", $E186=""), "", IFNA(INDEX(Bhajans[], MATCH(IF($D186<>"", $D186, $E186), Bhajans[title], 0), 5), ""))} | L186: {=IF(AND($D186="", $E186=""), "", IFNA(INDEX(Bhajans[], MATCH(IF($D186<>"", $D186, $E186), Bhajans[title], 0), 4), ""))}
A187: 45844 | C187: {=IFNA(XLOOKUP(E187,GP_Bhajan_List[GP Bhajan List], GP_Bhajan_List[Singer]),"")} | E187: Gajavadana Gananatha | G187: 1.5 Pancham / C# | H187: {=IFNA(INDEX(Pitches[],MATCH($G187,Pitches[Pitches],0),2),"")} -> G# | I187: {=IF( AND(D187="", E187=""), "", IFNA( IF( INDEX(Singers[], MATCH(IF(D187<>"", B187, C187), Singers[Singers], 0), 2, 0) = "Gents", INDEX(Bhajans[], MATCH(IF(D187<>"", D187, E187), Bhajans[title], 0), 13), INDEX(Bhajans[], MATCH(IF(D187<>"", D187, E187), Bhajans[title], 0), 14) ), "" ) )} | J187: {=IF(AND($D187="", $E187=""), "", IFNA(INDEX(Bhajans[], MATCH(IF($D187<>"", $D187, $E187), Bhajans[title], 0), 9), ""))} -> Harikamboji | K187: {=IF(AND($D187="", $E187=""), "", IFNA(INDEX(Bhajans[], MATCH(IF($D187<>"", $D187, $E187), Bhajans[title], 0), 5), ""))} -> Gajavadana Gananatha Gowri Tanaya Dayamaya [ Gajavadana ... ] Bhuvanaadhara Pranava Swaroopa Palaya Palaya Parthi Pureesha | L187: {=IF(AND($D187="", $E187=""), "", IFNA(INDEX(Bhajans[], MATCH(IF($D187<>"", $D187, $E187), Bhajans[title], 0), 4), ""))} -> O Lord Ganesha, the elephant-faced Lord, the son of Mother Parvathi, You are extremely compassionate. You are the one whose is the very form of the Pranava (Om) and who is the basis of the entire creation. Protect us, O Sai, the Lord of Parthi, You are verily Lord Ganesha.
A188: 45844 | C188: {=IFNA(XLOOKUP(E188,GP_Bhajan_List[GP Bhajan List], GP_Bhajan_List[Singer]),"")} | E188: Panduranga Vittaley Hari Narayana Hari | G188: 1.5 Pancham / C# | H188: {=IFNA(INDEX(Pitches[],MATCH($G188,Pitches[Pitches],0),2),"")} -> G# | I188: {=IF( AND(D188="", E188=""), "", IFNA( IF( INDEX(Singers[], MATCH(IF(D188<>"", B188, C188), Singers[Singers], 0), 2, 0) = "Gents", INDEX(Bhajans[], MATCH(IF(D188<>"", D188, E188), Bhajans[title], 0), 13), INDEX(Bhajans[], MATCH(IF(D188<>"", D188, E188), Bhajans[title], 0), 14) ), "" ) )} | J188: {=IF(AND($D188="", $E188=""), "", IFNA(INDEX(Bhajans[], MATCH(IF($D188<>"", $D188, $E188), Bhajans[title], 0), 9), ""))} -> Kalyani / Yaman | K188: {=IF(AND($D188="", $E188=""), "", IFNA(INDEX(Bhajans[], MATCH(IF($D188<>"", $D188, $E188), Bhajans[title], 0), 5), ""))} -> Panduranga Vittaley Hari Narayana Hari Narayana Govinda (3) Bhajo ( Sai ) Narayana Govinda (2) | L188: {=IF(AND($D188="", $E188=""), "", IFNA(INDEX(Bhajans[], MATCH(IF($D188<>"", $D188, $E188), Bhajans[title], 0), 4), ""))} -> Sing the glory of Panduranga Vittala, the incarnation of Lord Narayana, the protector and indweller of all beings.
A189: 45844 | C189: {=IFNA(XLOOKUP(E189,GP_Bhajan_List[GP Bhajan List], GP_Bhajan_List[Singer]),"")} | E189: Rama Krishna Govinda Narayana (Yaman Kalyan) | G189: 2 Pancham / D | H189: {=IFNA(INDEX(Pitches[],MATCH($G189,Pitches[Pitches],0),2),"")} -> A | I189: {=IF( AND(D189="", E189=""), "", IFNA( IF( INDEX(Singers[], MATCH(IF(D189<>"", B189, C189), Singers[Singers], 0), 2, 0) = "Gents", INDEX(Bhajans[], MATCH(IF(D189<>"", D189, E189), Bhajans[title], 0), 13), INDEX(Bhajans[], MATCH(IF(D189<>"", D189, E189), Bhajans[title], 0), 14) ), "" ) )} | J189: {=IF(AND($D189="", $E189=""), "", IFNA(INDEX(Bhajans[], MATCH(IF($D189<>"", $D189, $E189), Bhajans[title], 0), 9), ""))} -> Yaman Kalyan | K189: {=IF(AND($D189="", $E189=""), "", IFNA(INDEX(Bhajans[], MATCH(IF($D189<>"", $D189, $E189), Bhajans[title], 0), 5), ""))} -> Rama Krishna Govinda Narayana Rajeeva Nayana Narayana Ranga Vittala Hari Narayana Narayana Narayana [ Ranga Vittala ] Ramaneeya Roopa Narayana (2) | L189: {=IF(AND($D189="", $E189=""), "", IFNA(INDEX(Bhajans[], MATCH(IF($D189<>"", $D189, $E189), Bhajans[title], 0), 4), ""))} -> Sing of Lord Narayana the Lotus eyed and the charming One, who has incarnated as Rama, Krishna, Govinda and Panduranga Vittala.
...

Sheet Instrumentalist Roster
A1: Date | B1: Harmonium | C1: Chorus Mic | D1: Tabla | E1: Cymbals (Male) | F1: Cymbals (Female) | G1: Tambourine | H1: Ghanjira (small)
A2: 45734
A3: 45735
A4: 45736
A5: 45737
A6: 45738
A7: 45739
A8: 45748
A9: 45749
A10: 45750
A11: 45751
A12: 45752
A13: 45753
... A33: 45758
A34: 45776 | B34: Gowtem | D34: Gowtem | E34: Gowtem | F34: Gowtem | G34: Gowtem | H34: Gowtem
A35: 45777 | B35: Prithvi | D35: Prithvi | E35: Prithvi | F35: Prithvi | G35: Prithvi | H35: Prithvi
A36: 45778 | B36: Gowtem | D36: Sailavan | E36: Sriram | F36: Triveni | G36: Rhuben | H36: Prahalad
A37: 45779 | B37: Gowtem | D37: Rhuben | E37: Sriram | F37: Triveni | G37: Rhuben | H37: Prahalad
A38: 45781 | B38: Prithvi | D38: Sailavan | E38: Sriram | F38: Triveni | G38: Rhuben | H38: Prahalad
A39: 45783 | B39: Prithvi | D39: Rhuben | E39: Sriram | F39: Triveni | G39: Sriraag | H39: Prahalad
A40: 45784 | B40: Gowtem | D40: Sailavan | E40: Sriram | F40: Triveni | G40: Rhuben | H40: Prahalad
A41: 45785 | B41: Prithvi | D41: Rhuben, Sriraag | E41: Sriram | F41: Triveni | G41: Sailavan | H41: Prahalad
A42: 45786 | B42: Gowtem | D42: Rhuben | E42: Sriram | F42: Triveni | G42: Rhuben | H42: Prahalad
A43: 45787 | B43: Prithvi | D43: Rhuben | E43: Sriram | F43: Triveni | G43: Rhuben | H43: Prahalad
A44: 45788 | B44: Gowtem | D44: Sriraag | E44: Sriram | F44: Sriram | G44: Rhuben | H44: Prahalad
A45: 45790 | B45: Prithvi | D45: Sriraag | E45: Sriram | F45: Triveni | G45: Rhuben | H45: Prahalad
A46: 45791 | B46: Prithvi | D46: Sailavan | E46: Sriram | F46: Triveni | G46: Rhuben | H46: Prahalad
A47: 45792 | B47: Prithvi | D47: Rhuben | E47: Sriram | F47: Triveni | H47: Prahalad
A48: 45802
A49: 45804
A50: 45805
A51: 45806
A52: 45807
A53: 45808 | B53: Gowtem | D53: Sriraag | E53: Sriram | F53: Triveni | G53: Rhuben | H53: Prahalad
A54: 45809
A55: 45811
A56: 45812
A57: 45813
A58: 45814
A59: 45815 | B59: Gowtem | D59: Sriraag | E59: Sriram | F59: Triveni | G59: Rhuben | H59: Prahalad
A60: 45816 | B60: Prithvi | D60: Sriraag | E60: Sriram | F60: Triveni | G60: Rhuben | H60: Prahalad
A61: 45818 | B61: Sailavan | D61: Sriraag | E61: Sriram | F61: Triveni | H61: Prahalad
A62: 45819 | B62: Gowtem | D62: Sriraag | E62: Sriram | F62: Triveni | G62: Rhuben | H62: Prahalad
A63: 45820 | B63: Gowtem | D63: Sriraag | E63: Sriram | F63: Sriram | G63: Rhuben | H63: Prahalad
A64: 45821 | B64: Gowtem | D64: Sailavan | E64: Sriram | F64: Triveni | G64: Rhuben | H64: Prahalad
A65: 45822
A66: 45823
A67: 45825
A68: 45826
A69: 45827
A70: 45828
A71: 45829
A72: 45830
A73: 45832
A74: 45833
A75: 45834
A76: 45835
... A79: 45839
A80: 45840 | B80: Prithvi | C80: Jothsna, Shravya, Ashwin, Sailavan | D80: Sailavan, Rhuben | E80: Sriram | F80: Triveni | G80: Rhuben | H80: Prahalad
A81: 45841 | B81: Prithvi | C81: Ashwin, Jothsna, Shravya | D81: Rhuben | E81: Sriram | F81: Triveni | G81: Sailavan | H81: Prahalad
A82: 45842 | B82: Prithvi | C82: Ashwin, Rhuben, Jothsna, Shravya | D82: Sailavan | E82: Sriram | F82: Triveni | G82: Rhuben | H82: Prahalad
A83: 45843
A84: 45844 | B84: Prithvi | C84: Ashwin | D84: Sriraag | E84: Sriram | F84: Triveni | G84: Rhuben | H84: Prahalad
A85: 45846
A86: 45847
A87: 45848
A88: 45849 | B88: Prithvi | C88: Ashwin | D88: Sailavan | E88: Sriram | F88: Triveni | G88: Rhuben | H88: Prahalad
A89: 45850 | B89: Prithvi | D89: Sriraag | E89: Sriram | F89: Triveni | G89: Rhuben | H89: Prahalad
A90: 45851 | B90: Prithvi | C90: Rhuben | D90: Sriraag | E90: Sriram | F90: Triveni
A91: 45853
A92: 45854
A93: 45855
A94: 45856
A95: 45857
A96: 45858
A97: 45860 | B97: Prithvi | C97: Ashwin, Sailavan | D97: Sriraag | E97: Sriram | F97: Triveni | G97: Rhuben | H97: Prahalad
A98: 45861 | B98: Prithvi | C98: Rhuben, Jothsna | D98: Sailavan | E98: Sriram | F98: Triveni | H98: Prahalad
A99: 45862 | B99: Prithvi | C99: Ashwin, Jothsna, Rhuben | D99: Sailavan | E99: Sriram | F99: Triveni | G99: Rhuben | H99: Prahalad
A100: 45863 | B100: Prithvi | C100: Ashwin, Jothsna | D100: Rhuben, Sailavan | E100: Sriram | F100: Triveni | G100: Rhuben | H100: Prahalad
A101: 45864
A102: 45865
A103: 45867 | B103: Prithvi | C103: Ashwin, Jothsna | D103: Sailavan, Sriraag | E103: Sriram | F103: Triveni | G103: Rhuben | H103: Prahalad
A104: 45868 | B104: Prithvi | C104: Ashwin | D104: Rhuben | E104: Sriram | F104: Triveni | H104: Prahalad
A105: 45869
A106: 45870 | B106: Gowtem | C106: Ashwin | D106: Sriraag | E106: Sriram | F106: Triveni | G106: Rhuben | H106: Prahalad
A107: 45871
A108: 45872
A109: 45874 | B109: Prithvi | C109: Ashwin, Sailavan | D109: Sailavan, Sriraag | E109: Sriram | F109: Triveni | G109: Rhuben | H109: Prahalad
A110: 45875
A111: 45876
A112: 45877
A113: 45878 | B113: Prithvi | C113: Ashwin, Sailavan, Jothsna | D113: Sriraag | E113: Sriram | F113: Triveni | G113: Rhuben | H113: Prahalad
A114: 45879
A115: 45881
A116: 45882
A117: 45883 | B117: Gowtem | C117: Ashwin | D117: Sailavan | E117: Sriram | F117: Triveni | G117: Rhuben | H117: Prahalad
A118: 45884 | B118: Gowtem | C118: Ashwin, Prithvi, Jothsna | D118: Rhuben | E118: Sriram | F118: Triveni | H118: Prahalad
A119: 45885 | B119: Gowtem | C119: Ashwin, Jothsna | D119: Sriraag, Sailavan | E119: Sriram | F119: Triveni | G119: Rhuben | H119: Prahalad
A120: 45886
A121: 45888 | B121: Gowtem | C121: Ashwin, Jothsna, Prithvi | D121: Sriraag, Sailavan | E121: Sriram | F121: Triveni | G121: Rhuben | H121: Prahalad
...

Sheet Sheet38
A1: Ashwin | B1: =COUNTIF('Singer Roster'!$B$791:'Singer Roster'!$B$1100,A1) -> 25 | D1: Ashwin | E1: =COUNTIFS(Singing_Roster[Singer],D1,Singing_Roster[Bhajan],"<>") -> 98
A2: Sailavan | B2: =COUNTIF('Singer Roster'!$B$791:'Singer Roster'!$B$1100,A2) -> 26 | D2: Sailavan | E2: =COUNTIFS(Singing_Roster[Singer],D2,Singing_Roster[Bhajan],"<>") -> 104
A3: Prithvi | B3: =COUNTIF('Singer Roster'!$B$791:'Singer Roster'!$B$1100,A3) -> 28 | D3: Prithvi | E3: =COUNTIFS(Singing_Roster[Singer],D3,Singing_Roster[Bhajan],"<>") -> 91
A4: Jothsna | B4: =COUNTIF('Singer Roster'!$B$791:'Singer Roster'!$B$1100,A4) -> 24 | D4: Jothsna | E4: =COUNTIFS(Singing_Roster[Singer],D4,Singing_Roster[Bhajan],"<>") -> 72
A5: Shravya | B5: =COUNTIF('Singer Roster'!$B$791:'Singer Roster'!$B$1100,A5) -> 10 | D5: Shravya | E5: =COUNTIFS(Singing_Roster[Singer],D5,Singing_Roster[Bhajan],"<>") -> 40
D6: Sriraag | E6: =COUNTIFS(Singing_Roster[Singer],D6,Singing_Roster[Bhajan],"<>") -> 40
D7: Rhuben | E7: =COUNTIFS(Singing_Roster[Singer],D7,Singing_Roster[Bhajan],"<>") -> 36
D8: Pavitra | E8: =COUNTIFS(Singing_Roster[Singer],D8,Singing_Roster[Bhajan],"<>") -> 42
D9: Prasanna | E9: =COUNTIFS(Singing_Roster[Singer],D9,Singing_Roster[Bhajan],"<>") -> 65
D10: Anvita | E10: =COUNTIFS(Singing_Roster[Singer],D10,Singing_Roster[Bhajan],"<>") -> 27
D11: Triveni | E11: =COUNTIFS(Singing_Roster[Singer],D11,Singing_Roster[Bhajan],"<>") -> 16

Sheet Bhajan Masterlist
A1: url | B1: title | C1: singers | D1: meaning | E1: lyrics | F1: audio | G1: deity | H1: language | I1: raga | J1: beat | K1: level | L1: tempo | M1: reference_gents_pitch | N1: reference_ladies_pitch | O1: music_notes_for_first_line | P1: notes_range | Q1: tutorial | R1: sheet_music | S1: song_tags | T1: glossary_terms | U1: debug_file | V1: video | W1: general_comments | X1: karaoke_tracks_for_practice | Y1: golden_voice | Z1: instrumental | AA1: Column 1
A2: https://sairhythms.sathyasai.org/song/crown-hair | B2: A crown of hair | D2: Not available | E2: A crown of hair, an orange robe Loving eyes, a heart of gold He floats to us across the sand Sacred ash pours from His hand Millions call Him living Lord, a living Lord is He Millions wave with tearful eyes, tearful eyes with joy inside A million hearts in sweet devotion filled with the love of the Lord | F2: crown-hair.mp3 | G2: Sai | H2: English | I2: Major (Shankarabharanam / Bilawal) | J2: 8 Beat / Keherwa / Adi | K2: Intermediate | L2: Medium Fast | M2: 2 Pancham / D | N2: 6 Pancham / A | P2: Lowest Note: S / CHighest Note: R2 / D (higher octave)* Western notes are in the Key of C | R2: #sheet-music-row | S2: sheet-music | U2: debug_a_crown_of_hair.html
A3: https://sairhythms.sathyasai.org/song/hollow-flute-i-am-thy-hands | B3: A hollow flute I am in Thy hands | D3: Not available | E3: A hollow flute I am in Thy hands Your breath is my sound Your movement is my flow A hollow flute I am in Thy hands No ego, no envy, no pride The warmth of Your hands is my peace I delight in knowing my place is in Thy hands A hollow flute I am in Thy hands | H3: English | U3: debug_a_hollow_flute_i_am_in_thy_hands.html
A4: https://sairhythms.sathyasai.org/song/temple-my-heart | B4: A Temple In My Heart | D4: Not available | E4: A Temple In My Heart, A Prayer In My Soul, A Song On My Lips, And I Sing To You [Chorus:] Baba Sai Baba, Sathya Sai Baba, Baba Sai Baba, I Sing To You Sathya Sai Baba, Baba Sai Baba, Sathya Sai Baba, I Call To You A Name On My Lips, And I Call To You [Chorus:] Baba Sai Baba, Sathya Sai Baba ... A Smile On My Lips And I Sing To You [Chorus:] Baba Sai Baba, Sathya Sai Baba ... | F4: temple-my-heart.mp3 | G4: Sai | H4: English | I4: Major (Shankarabharanam / Bilawal) | J4: 8 Beat / Keherwa / Adi | K4: Simple | L4: Medium Fast | M4: 6 Pancham / A | N4: 3 Pancham / E | P4: Lowest Note: p / G (lower octave)Highest Note: P / G* Western notes are in the Key of C | R4: #sheet-music-row | S4: sheet-music | T4: Song Glossary baba: lord sai baba - the divine father sai: sa + aai = divine mother sathya: truth, short form of sathyanarayana – the childhood name of sri sathya sai baba; (var) sathyam | U4: debug_a_temple_in_my_heart.html
A5: https://sairhythms.sathyasai.org/song/aa-gyen-baba-ji | B5: Aa Gyen Baba Ji | D5: Baba, Your devotees have come to You; O Lord Sai, You are the Supreme; Your devotees seek refuge at Your Feet leaving everything behind; Hail to You, O Sai! | E5: Aa Gyen Baba Ji Tvadde Naam De Bhikhari Naam De Bhikhari Tvadde Naam De Bhikhari [ Aa Gyen ... ] Sabto Unchan Tera Naam Merey Vahey Guru Tera Naam Sabto Unchan Tera Naam Merey Saiyaa Tera Naam Mein Mangta Dar Terey Aiyaa Chod Ke Duniya Saari Vahey Guru Ji Vahey Guru Vahey Guru Ji Vahey Guru | G5: Guru, Sai | H5: Punjabi | I5: Sindhu Bhairavi / Bhairavi | J5: 8 Beat / Keherwa / Adi | K5: Simple | L5: Medium Fast | M5: 5 Pancham / G | N5: 2 Pancham / D | R5: #sheet-music-row | S5: sheet-music | T5: Song Glossary aayey: came; (var) aayi, aaya, aa gayen (have come) aiyaa: feet baba: lord sai baba - the divine father bhikhari: beggar chodo: leave; (var) chod dar: at de: of or belonging to duniya: world ji: suffix word used with someone’s name for respect ke: of or belonging to maang: to ask, request mein: i; (var) mei, mai, main, maine - i have mera: my, mine; (var) mere, merey, meri, mero naam: name; (var) naama, naamam sabto: among all sai: sa + aai = divine mother sara: all, essence; (var) saara, saari - all, everything sat: truth; (var) sath tera: yours; (var) terey, teri, tero (your) tvadde: your unchan: high above vahey: supreme; “vahey guru” - supreme teacher, refers to god | U5: debug_aa_gyen_baba_ji.html | W5: This song is best sung in unison.
A6: https://sairhythms.sathyasai.org/song/aa-subete-no-inochi-no | B6: Aa Subete no Inochi no | D6: You are the God of everything in my life, You are my love. I think upon You devotedly. O Baba, You are my everything. O Baba, You are my love. Sai, I will become one with Your love. | E6: Aa Subete no Inochi no Kami, Sai Watashi no Ai Tada Hitasura ni Anata wo Omou Anata wa Watashi no Subete (O Baba) Anata wa Watashi no Ai (O Baba) Anata to Hitotsu ni Naru, Sai Watashi no Ai Aao Pyaarey Nayana Hamarey Sai Hamarey Aao Tum Bin Koi Nahin Rakhwaley Tum Bin Kaun Saharey (Baba) Tum Bin Kaun Saharey Aao Sai Pyaarey Sai Hamarey Aao (3) | G6: Sai | H6: Japanese | I6: Minor (Darbari) | J6: 8 Beat / Keherwa / Adi | K6: Intermediate | L6: Slow | M6: 6 Pancham / A | N6: 3 Pancham / E | P6: Lowest Note: m1 / F (lower octave)Highest Note: P / G* Western notes are in the Key of C | S6: multi-lingual | T6: Song Glossary baba: lord sai baba - the divine father sai: sa + aai = divine mother | U6: debug_aa_subete_no_inochi_no.html | V6: https://youtu.be/mnH2FcH0_6E
A7: https://sairhythms.sathyasai.org/song/aao-aao-aao-aao | B7: Aao Aao Aao Aao | D7: Welcome the charming Gopala, the son of Nanda who lovingly stole butter and who revels in the hearts of devotees. O Nandalala, grace us with your Darshan. | E7: Aao Aao Aao Aao Aao Sundara Nanda Gopal Navaneetha Chora Manasa Vihara Darshana Do Nandalala (2) Mujhey Darshana Do Nandalala | G7: Krishna | H7: Sanskrit / Hindi | I7: Abheri / Bhimpalas | J7: 8 Beat / Keherwa / Adi | M7: 1.5 Pancham / C# | N7: 5.5 Pancham / G# | T7: Song Glossary aao: welcome chora: thief; (var) choram darshan: to appear, to see; (var) darshana, darshanam, darsha - to show do: give, grant; also refers to the number two gopal: name of krishna which means protector of the cowherd; (var) gopala, gopalana, gopalam manasa: mind mujhe: for me; (var) mujhey, mohey nanda: foster father of lord krishna navaneetha: butter sundara: beautiful; (var) sundarakara, sundaraya, sundari (f), soundari (f), sundaram - beauty vihara: one who resides; (var) viharana, vihari, viharini (f) | U7: debug_aao_aao_aao_aao.html
A8: https://sairhythms.sathyasai.org/song/aao-aao-antaryami | B8: Aao Aao Antaryami | D8: Welcome Lord Sai Narayana, the indweller of our hearts, the one who lifted the Govardhan hill. You are the one who assumed the form of Hari and Murari to remove the demonic characteristics in our minds. | E8: Aao Aao Antaryami Adi Narayana Sai Narayana [ Aao Aao ... ] Hrudaya Vihari Hey Giridhari Hey Giridhari Hey Giridhari Hari Hari Sri Hari Sai Murari | G8: Krishna, Sai | H8: Sanskrit / Hindi | I8: Sindhu Bhairavi / Bhairavi | J8: 8 Beat / Keherwa / Adi | M8: 2 Madhyam / G | N8: 6 Madhyam / D | T8: Song Glossary aao: welcome adi: beginning, commencement, first in time antaryami: indweller giridhar: one who lifted the mountain - refers to lord krishna who lifted the govardhana peak; (var) giridhara, giridhari hari: name of lord vishnu; (var) hare, harey hey: a heartfelt callout, usually followed by a name or description like 'hey rama', or 'hey merciful lord' hrudaya: heart murare: one who killed the demon ‘mura’ – lord krishna; (var) murari, murarey narayana: lord vishnu; (var) narayan, narayanam, narayanaya sai: sa + aai = divine mother sri: honorific title of respect; another name of goddess lakshmi; wealth, majesty, splendour, intellect, fortune; (var) thiru (tamil) vihara: one who resides; (var) viharana, vihari, viharini (f) | U8: debug_aao_aao_antaryami.html
A9: https://sairhythms.sathyasai.org/song/aao-aao-ganapathi-deva | B9: Aao Aao Ganapathi Deva | D9: Welcome Lord Ganesha, the elephant-faced son of Mother Parvathi. You are none other than Lord Sathya Sai, the son of Eshwaramba. The short statured Lord, our Divine Teacher Sai, fulfills our desires. | E9: Aao Aao Ganapathi Deva Aao Aao Sai Guru Deva [ Aao Aao ... ] Eshwari Nandana Gajamukha Deva Eshwaramba Nandana Sathya Sai Deva Vamana Roopa Varana Deva Vanchita Dayaka Sai Guru Deva (2) | G9: Ganesha, Guru | H9: Sanskrit / Hindi | T9: Song Glossary aao: welcome dayaka: one who gives; (var) dayakam, dayiney, dayaki (f) deva: god; (var) dev, devo, devam eshwaramba: mother of sri sathya sai baba; (var) eswaramma, eshwaramma, eshwari eshwari: consort of eshwara, refers to goddess parvathi gajamukha: elephant-faced one, refers to lord ganesh; (var) gajamukham, gajanana, gajananam, gajavadana, gajavadanam gananayaka: leader of his group - refers to lord ganesha; (var) gananayakam, ganapathey, ganapathi, ganapathim, ganapati, ganapatim guru: preceptor; (var) guruvara – belonging to the guru / guru’s nandana: son, also the name of a forest; (var) nandan, nandanam roopa: figure, embodiment; (var) roopam, roopini (f) sai: sa + aai = divine mother sathya: truth, short form of sathyanarayana – the childhood name of sri sathya sai baba; (var) sathyam vamana: fifth incarnation of lord vishnu, also known as upendra, and trivikrama vanchita: desires, wishes varada: a wish or boon; one who bestows a boon; (var) varadayaka, varadayakam, varadayini (f), varadey, varana | U9: debug_aao_aao_ganapathi_deva.html
A10: https://sairhythms.sathyasai.org/song/aao-aao-hey-bhagawan | B10: Aao Aao Hey Bhagawan | D10: Welcome O Lord Sai. Bless and grant auspiciousness and peace. You are the ocean of compassion, the temple of virtues. You are the Truth and Eternal Bliss and the one who is omnipresent in every being. | E10: Aao Aao Hey Bhagawan Sab Jeevan Ke Karo Kalyan [ Aao Aao ... ] Tum Ho Parama Krupa Ke Sagar Tum Ho Guna Mandir Nata Naagara Tum Ho Sathya Sanathana Swami Ghat Ghat Vasi Antaryami | G10: Sai | H10: Sanskrit / Hindi | I10: ~ Miyan ki Malhar | J10: 8 Beat / Keherwa / Adi | K10: Advanced | L10: Medium Fast | M10: 1 Pancham / C | N10: 5 Pancham / G | P10: Lowest Note: G1 / E♭Highest Note: M1 / F (higher octave)* Western notes are in the Key of C | R10: #sheet-music-row | S10: sheet-music | T10: Song Glossary aao: welcome antaryami: indweller bhagawan: god; (var) bhagwan, bhagavaan, bhagavan, bhagawantha, bhagawathey ghat: banks of a river guna: qualities; (var) gun hey: a heartfelt callout, usually followed by a name or description like 'hey rama', or 'hey merciful lord' ho: you are; (alternative) so be it jeevan: life; (var) jeevana kalyan: welfare; (var) kalyana, kalyani - goddess who bestows auspiciousness and welfare karo: do; make it happen; (var) kar; kiya - did; karomi, karey - let us do ke: of or belonging to krupa: compassion; (var) kripa mandir: temple; (var) mandira naagara: clever, polite, town-born nata: to bow the head or surrender as in ‘natajana’, dancer or actor as in ‘natavara’ parama: supreme, principal, chief, best, highest; (var) param, paramam sab: all, everybody or everything sagar: ocean; (var) sagara, sagaram, sagari (feminine) sanathana: perpetual, constant, eternal, permanent; (var) sanathani (f), sanatana, sanathanaya sathya: truth, short form of sathyanarayana – the childhood name of sri sathya sai baba; (var) sathyam swami: lord; (var) swaminatha, swamiye, swamiyey, swamy tum: you, thou; (var) tu, tuj; tubhyam, tumhey - to you; tujhey, tujko - for you; vasi: one who dwells or resides in; (var) vasini (f) | U10: debug_aao_aao_hey_bhagawan.html | V10: https://youtu.be/WoLtmn3n8cQ?t=69
A11: https://sairhythms.sathyasai.org/song/aao-aao-nandalala | B11: Aao Aao Nandalala | D11: Welcome O Nandalala (Krishna), You are the beautiful, dark-hued one with the divine flute. You are Lord Rama of Ayodhya, the Lord of Sita. You are Lord Sai of Parthi, the compassionate one. You are also the butter-stealing son of Mother Yashoda. | E11: Aao Aao Nandalala Sundara Shyama Gopala [ Aao Aao ... ] Tum Hi Ho Bansidhari Shyama Ayodhya Pathi Sita Rama Parthi Baba Karuna Nidhan Maakhan Chora Yashoda Bala Aao Aao Nandalala Sundara Shyama (Sai) Gopala [ Aao Aao ... ] Tum Hi Ho Bansidhari Shyama Ayodhya Pathi Sita Rama Parthi Baba Karuna Sindho Maakhan Chora Yashoda Bala [ Sundara Shyama ... ] | F11: aao-aao-nandalala.mp3 aao-aao-nandalala_1.mp3 | G11: Krishna | H11: Sanskrit / Hindi | I11: Gavati | J11: 7 Beat / Rupak / Misrachapu | K11: Intermediate | L11: Slow | M11: 4 Pancham / F | N11: 1 Pancham / C | P11: Lowest Note: n1 / B♭ (lower octave)Highest Note: N1 / B♭* Western notes are in the Key of C | R11: #sheet-music-row | S11: instrumental sheet-music | T11: Song Glossary aao: welcome ayodhya: the town ruled by king dasharatha and lord rama; (var) avadh, awaadh, avadhpuri baba: lord sai baba - the divine father bala: child, son; (var) bal, balana, balagan (tamil), baalam bansidhara: bearer of the flute; (var) bansidhari chora: thief; (var) choram gopal: name of krishna which means protector of the cowherd; (var) gopala, gopalana, gopalam hai: is, are; (var) hi; hain - we are ho: you are; (alternative) so be it karuna: compassion; (var) karunya, karunamaya - full of compassion, karunamayi (f), karunantha, karunakara - embodiment of compassion maakhan: butter nandalala: son of nanda; (var) nandalal nidhan: treasure house pathi: master, husband; (var) pathayey puttaparthi: birthplace of bhagawan sri sathya sai baba; (var) parti, parthi, parthipuri rama: name of the seventh incarnation of lord vishnu, son of dasharatha and kausalya; (var) ram sai: sa + aai = divine mother sham: dark hued, a reference to lord krishna; evening time; (var) shyam, shyama, shyamala sindhu: ocean; (var) sindho sita: consort of rama, 7th avatar of lord vishnu; (var) siya sundara: beautiful; (var) sundarakara, sundaraya, sundari (f), soundari (f), sundaram - beauty tum: you, thou; (var) tu, tuj; tubhyam, tumhey - to you; tujhey, tujko - for you; yashoda: foster mother of lord krishna; (var) yashode | U11: debug_aao_aao_nandalala.html | V11: https://www.youtube.com/watch?v=-uFxM8Im-Ts | Z11: aao-aao-nandalala_2.mp3
A12: https://sairhythms.sathyasai.org/song/aao-aao-sai | B12: Aao Aao Sai | D12: Sai, please come into the temple of our hearts and give us Your darshan. Destroy our sins and liberate us from this worldly existence. You are the personification of love and truth. | E12: Aao Aao Sai Hrdaya Mandir Me Aao Sai [ Aao Aao ... ] Darshan Dey Prabhu Paapa Vinashaka Sharanagatha Ke Bhava Bhaya Mochaka Prema Swaroopa Aao Sathya Swaroopa Aao Sai | G12: Sai | H12: Sanskrit / Hindi | T12: Song Glossary aao: welcome bhava: being, becoming, birth, world bhaya: fear darshan: to appear, to see; (var) darshana, darshanam, darsha - to show dey: give hrudaya: heart ke: of or belonging to mandir: temple; (var) mandira paapa: sin prabhu: lord, master; (var) prabho prema: love; (var) prem; also the name of the third sai avatar, prema sai sai: sa + aai = divine mother sathya: truth, short form of sathyanarayana – the childhood name of sri sathya sai baba; (var) sathyam sharan: surrender; (var) sharana, sharanagata, sharanagatha, sharanagatham, sharanam swaroopa: figure, embodiment; (var) swarupa, swaroopam, swaroopanin (tamil); roopini, swaroopini, svarupini (feminine) vimochana: one who liberates; (var) vimochani (f), mochani (f), vimochanam vinasha: one who destroys or removes; (var) vinashaka, vinashana, vinashini (f), vinasham; | U12: debug_aao_aao_sai.html
A13: https://sairhythms.sathyasai.org/song/aao-aao-sai-natha | B13: Aao Aao Sai Natha | C13: Jothsna, Shravya | D13: Welcome O Sai, Lord of the Universe, our eyes are eager to see Your Divine form. Kindly grant us Your Divine Darshan, O Ocean of Compassion Sai. Welcome, O Lord Shiva, Lord Krishna. | E13: Aao Aao Sai Natha Aao Aao Hey Jagannatha [ Aao Aao ... ] Darshan Ke Liye Taras Rahey Hain Nayan Hamarey O Sai Darsha Dikhao Daya Ke Sagar Aao Shankara Hey Parameshwara Aao Aao Sai Natha Aao Aao Hey Jagannatha (2) | F13: aao-aao-sai-natha.mp3 | G13: Sai | H13: Sanskrit / Hindi | I13: Jaunpuri | J13: 8 Beat / Keherwa / Adi | K13: Intermediate | L13: Medium Fast | M13: 5 Madhyam / C | N13: 2 Madhyam / G | O13: G1 R2 S n1 S S n1 G1 R2 S n1 S SIn the Key of C:E♭ D C B♭ C C B♭ E♭ D C B♭ C C | P13: Lowest Note: g1 / E♭ (lower octave)Highest Note: M1 / F* Western notes are in the Key of C | R13: #sheet-music-row | S13: lead-music karaoke sheet-music | T13: Song Glossary aao: welcome darshan: to appear, to see; (var) darshana, darshanam, darsha - to show daya: compassion dikhao: show; (var) dikhakar - having shown; dikhladiya - have shown hai: is, are; (var) hi; hain - we are hamarey: our; (var) hamara, hamari hey: a heartfelt callout, usually followed by a name or description like 'hey rama', or 'hey merciful lord' jagannatha: lord of the world ke: of or belonging to liye: took, also means for (eg. for us, for you); (var) liya natha: lord or master; (var) nath, nathaya, natham, nada (tamil), nadanukku (tamil) - to the lord, nathudey (telugu) nayan: eye; (var) nayana, nayanon, nayanom, nayanabhi paramesha: supreme god; (var) parameshwara, parameshwaraya, parameshwari (feminine) raho: stay, remain; (var) rahjao, rehna; rahey, rahte - have been staying, rahenge - we will stay sagar: ocean; (var) sagara, sagaram, sagari (feminine) sai: sa + aai = divine mother shankara: name of lord shiva, one who bestows auspiciousness; (var) shankar, shankaraya, shankaram taras: to pine or yearn; (var) tarasey | U13: debug_aao_aao_sai_natha.html | V13: https://youtu.be/8K_C7s8iDkQ | X13: Reference Track1 Madhyam / FLadies Pitch Karaoke Tracks1 Madhyam / F (reference)
A14: https://sairhythms.sathyasai.org/song/aao-aao-sai-pyaarey | B14: Aao Aao Sai Pyaarey | C14: Sailavan | D14: Welcome, O beloved Lord Sai, I sing Your glory. O Supreme Lord, You are the twinkling star of my eyes. O companion of my life, kindly grant us Your Divine Darshan. | E14: Aao Aao Sai Pyaarey Keertan Karoon Main Sai Tumharey [ Aao Aao ... ] Tum Ho Merey Nayanon Ke Taarey Darshan Do Jeevan Ke Saharey | F14: aao-aao-sai-pyaarey.mp3 | G14: Sai | H14: Sanskrit / Hindi | I14: Kalyani / Yaman | J14: 8 Beat / Keherwa / Adi | K14: Advanced | L14: Medium Slow | M14: 2.5 Pancham / D# | N14: 6.5 Pancham / A# | O14: G2 R2 S n2 R2 R2 ~ n2 R2 G2 P R2 SIn the Key of C:E D C B D D ~ B D E G D C | P14: Lowest Note: n2 / B (lower octave)Highest Note: R2 / D (higher octave)* Western notes are in the Key of C | R14: #sheet-music-row | S14: lead-music sheet-music | T14: Song Glossary aao: welcome darshan: to appear, to see; (var) darshana, darshanam, darsha - to show do: give, grant; also refers to the number two ho: you are; (alternative) so be it jeevan: life; (var) jeevana karoon: i will do ke: of or belonging to keertan: singing the name of the lord; (var) keertana, keertanam mera: my, mine; (var) mere, merey, meri, mero nayan: eye; (var) nayana, nayanon, nayanom, nayanabhi pyaara: loving; (var) pyaarey, pyaari (f); pyaar - love sahara: support; (var) saharey sai: sa + aai = divine mother taarey: star tum: you, thou; (var) tu, tuj; tubhyam, tumhey - to you; tujhey, tujko - for you; tumhara: your, thy; (var) tumhare, tumharey, tumhari | U14: debug_aao_aao_sai_pyaarey.html
A15: https://sairhythms.sathyasai.org/song/aao-aao-shyam-kishora | B15: Aao Aao Shyam Kishora | D15: Please come, Krishna, son of Nanda. Let us hear the sound of the anklets adorning your dancing feet. O Lord of Parthi, please come into the temple of our hearts through our songs. | E15: Aao Aao Shyam Kishora Aao Aao Nanda Kumara Rhum Jhum Nachata Payal Bajavata Aao Navanita Chora Aao Aao Parthi Vihara [ Aao Aao Shyam ... ] Man Mandir Me Sankeertan Me Sankeertan Me Sai Bhajan Me Aao Parthi Vihara Aao Aao Hrdaya Vihara | G15: Krishna | H15: Sanskrit / Hindi | T15: Song Glossary aao: welcome bajao: play (an instrument); (var) bajaa, bajey, baajey, bajaayey, bajavat, bajaavey, bajaiyya bhajan: prayerful song; (var) bhajana, bhajanalu (telugu), bhajanon - plural chora: thief; (var) choram hrudaya: heart kishora: son kumara: son, young boy, lord subrahmanya mana: mind; (var) man, mano mandir: temple; (var) mandira nach: dance, to dance; (var) nacho, nachey, nacherey, nachorey, nachata nanda: foster father of lord krishna navaneetha: butter payal: ornament for ankles; (var) payaliya - plural puttaparthi: birthplace of bhagawan sri sathya sai baba; (var) parti, parthi, parthipuri rhuma-jhuma: the description of the sound of anklets; (var) rhum-jhum, rhumaka-jhumaka sai: sa + aai = divine mother sankeertana: group singing; (var) sankeertanam sham: dark hued, a reference to lord krishna; evening time; (var) shyam, shyama, shyamala vihara: one who resides; (var) viharana, vihari, viharini (f) | U15: debug_aao_aao_shyam_kishora.html
A16: https://sairhythms.sathyasai.org/song/aao-aao-shyama-gopal | B16: Aao Aao Shyama Gopal | D16: Welcome O Shyam Gopala, the one who has a charming and a captivating form. You are the upholder of righteousness and very dear to the devotees who treads the right path. We welcome You as Narayana, Krishna and Gopala. | E16: Aao Aao Shyama Gopal Madhura Manohara Sai Gopal Aao [ Aao Aao ... ] Dharma Uddharana Bhaktha Parayana Aao Narayana Krishna Gopal (Aao) | G16: Krishna | H16: Sanskrit / Hindi | I16: Hamir Kalyani / Kedar | J16: 8 Beat / Keherwa / Adi | M16: 2.5 Pancham / D# | N16: 6.5 Pancham / A# | T16: Song Glossary aao: welcome bhaktha: devotee; (var) bhakthudu (telugu), bhakthargal (tamil) dharma: righteousness, also refers to way of life or religion gopal: name of krishna which means protector of the cowherd; (var) gopala, gopalana, gopalam krishna: name of the eighth incarnation of lord vishnu, son of devaki and vasudeva madhura: sweet; (var) madhuram manohar: pleasing, beautiful, charming; (var) manohara, manoharam, manohari (f) narayana: lord vishnu; (var) narayan, narayanam, narayanaya parayana: recitation sai: sa + aai = divine mother sham: dark hued, a reference to lord krishna; evening time; (var) shyam, shyama, shyamala uddhara: liberator, redeemer, uplifter; (var) uddharaka, uddharana, uddharam | U16: debug_aao_aao_shyama_gopal.html
A17: https://sairhythms.sathyasai.org/song/aao-aao-swami | B17: Aao Aao Swami | D17: Welcome Lord Sai, please come and install Yourself in our hearts. Your Divine Darshan dispels all sins. Give me refuge and save me from the cycle of birth and death. Please come, Oh embodiment of Divine Love and Truth. | E17: Aao Aao Swami Hrudaya Mandir Mey Aao Swami [ Aao Aao ... ] Darshana Dey Prabhu Paapa Vinashaka Sharanagatha Ke Bhava Bhaya Mochana Sathya Swaroopa Aao Prema Swaroopa Aao Swami | G17: Sai | H17: Sanskrit / Hindi | I17: ~ Karaharapriya / Kafi | J17: 8 Beat / Keherwa / Adi | M17: 1 Pancham / C | N17: 5 Pancham / G | T17: Song Glossary aao: welcome bhava: being, becoming, birth, world bhaya: fear darshan: to appear, to see; (var) darshana, darshanam, darsha - to show dey: give hrudaya: heart ke: of or belonging to mandir: temple; (var) mandira mochana: liberation paapa: sin prabhu: lord, master; (var) prabho prema: love; (var) prem; also the name of the third sai avatar, prema sai sathya: truth, short form of sathyanarayana – the childhood name of sri sathya sai baba; (var) sathyam sharan: surrender; (var) sharana, sharanagata, sharanagatha, sharanagatham, sharanam swami: lord; (var) swaminatha, swamiye, swamiyey, swamy swaroopa: figure, embodiment; (var) swarupa, swaroopam, swaroopanin (tamil); roopini, swaroopini, svarupini (feminine) vinasha: one who destroys or removes; (var) vinashaka, vinashana, vinashini (f), vinasham; | U17: debug_aao_aao_swami.html
A18: https://sairhythms.sathyasai.org/song/aao-gopala-giridhari | B18: Aao Gopala Giridhari | D18: Welcome Lord Gopala (Krishna), the one who lifted the Govardhana hill, the indweller of our hearts. Welcome, O blissful Lord Sai, Lord of Prasanthi, You are verily Lord Krishna. | E18: Aao Gopala Giridhari Aao Aao Antaryami Aao Aao Ananda Sai [ Aao Gopala ... ] Aao Aao Hrudaya Nivasi Aao Aao (Pra) Shanthi Nivasi | F18: aao-gopala-giridhari.mp3 | G18: Krishna | H18: Sanskrit / Hindi | I18: Yaman Kalyan | J18: 8 Beat / Keherwa / Adi | K18: Intermediate | L18: Medium Fast | M18: 2 Madhyam / G | N18: 6 Madhyam / D | R18: #sheet-music-row | S18: sheet-music | T18: Song Glossary aao: welcome anand: bliss; (var) ananda, anandam, anando antaryami: indweller giridhar: one who lifted the mountain - refers to lord krishna who lifted the govardhana peak; (var) giridhara, giridhari gopal: name of krishna which means protector of the cowherd; (var) gopala, gopalana, gopalam hrudaya: heart nivasi: dweller, resident; (var) nivasini (f), nivasitha prashanthi: supreme peace; (var) prashantha; also refers to prashanthi nilayam at puttaparthi sai: sa + aai = divine mother shanthi: peace | U18: debug_aao_gopala_giridhari.html
A19: https://sairhythms.sathyasai.org/song/aao-gopala-shyama-gopala | B19: Aao Gopala Shyama Gopala | D19: Come and grant us Your divine darshan, Oh Gopala! The one with blue complexion who dwells in Brindavan and Parthi. | E19: Aao Gopala Shyama Gopala Darsha Dikhao Mujhey Parthi Gopala [ Aao Gopala ] Brindavan Ke Krishna Gopala Parthi Puri Ke Sai Gopala Aao Gopala Shyama ( Sai ) Gopala | G19: Krishna | H19: Sanskrit / Hindi | I19: Charukeshi | J19: 8 Beat / Keherwa / Adi | K19: Advanced | L19: Slow | M19: 2 Pancham / D | N19: 6 Pancham / A | T19: Song Glossary aao: welcome brindavana: garden of tulsi plants, abode of krishna and sathya sai; (var) brindavan darshan: to appear, to see; (var) darshana, darshanam, darsha - to show dikhao: show; (var) dikhakar - having shown; dikhladiya - have shown gopal: name of krishna which means protector of the cowherd; (var) gopala, gopalana, gopalam ke: of or belonging to krishna: name of the eighth incarnation of lord vishnu, son of devaki and vasudeva mujhe: for me; (var) mujhey, mohey puttaparthi: birthplace of bhagawan sri sathya sai baba; (var) parti, parthi, parthipuri sai: sa + aai = divine mother sham: dark hued, a reference to lord krishna; evening time; (var) shyam, shyama, shyamala | U19: debug_aao_gopala_shyama_gopala.html
A20: https://sairhythms.sathyasai.org/song/aao-prabhu-aao-sai-bhagawan | B20: Aao Prabhu Aao Sai Bhagawan | C20: Sriraag | D20: Welcome, O Lord Sathya Sai, You endow everyone with purity of life, truth, righteousness, bliss and love. O Lord Sai Narayana! You are the saviour of entire creation and the very life breath of Your devotees. | E20: Aao Prabhu Aao Sai Bhagawan Sathya Sai Bhagawan [ Aao Prabhu ... ] Sathya Dharma Shanthi Prema Pradatha Nithya Nirmala Jeevan Daata Jagadodharana Bhaktha Parayana Aao (Sai) Narayana Bhakthon Ke Pran | F20: aao-prabhu-aao-sai-bhagawan.mp3 | G20: Sai | H20: Sanskrit / Hindi | I20: Sindhu Bhairavi / Bhairavi | J20: 8 Beat / Keherwa / Adi | K20: Advanced | L20: Medium | M20: 1 Pancham / C | N20: 5 Pancham / G | P20: Lowest Note: n1 / B♭ (lower octave)Highest Note: M1 / F (higher octave)* Western notes are in the Key of C | R20: #sheet-music-row | S20: sheet-music | T20: Song Glossary aao: welcome bhagawan: god; (var) bhagwan, bhagavaan, bhagavan, bhagawantha, bhagawathey bhaktha: devotee; (var) bhakthudu (telugu), bhakthargal (tamil) bhakthon: devotees; (var) bhakto, bhaktho daata: one who gives; (var) datha, daatha, daatri - one that gives dharma: righteousness, also refers to way of life or religion jagadodhara: one who liberates the world; (var) jagadoddhara, jagadoddharini (f), jagadodhaara, jagadodharaka, jagadodharana, jagadodharanam, jagadodharini (f) jeevan: life; (var) jeevana ke: of or belonging to narayana: lord vishnu; (var) narayan, narayanam, narayanaya nirmala: without impurity, always clean, pure nithya: daily, always parayana: recitation prabhu: lord, master; (var) prabho pradatha: bestower; (var) pradayi, pradatham, pradayini (f) pran: vital force, life; (var) prana, praana prema: love; (var) prem; also the name of the third sai avatar, prema sai sai: sa + aai = divine mother sathya: truth, short form of sathyanarayana – the childhood name of sri sathya sai baba; (var) sathyam shanthi: peace | U20: debug_aao_prabhu_aao_sai_bhagawan.html
A21: https://sairhythms.sathyasai.org/song/aao-pyaarey-nayana-hamarey | B21: Aao Pyaarey Nayana Hamarey | C21: Sailavan, Jothsna | D21: Welcome, O Beloved Lord Sai, You are our protector. Without You, there is no one to protect and support us. | E21: Aao Pyaarey Nayana Hamarey Sai Hamarey Aao Tum Bin Koi Nahin Rakhwaley Tum Bin Kaun Saharey (Baba) Tum Bin Kaun Saharey Aao Sai Pyaarey Sai Hamarey Aao (3) Aa Subete no Inochi no Kami, Sai Watashi no Ai Tada Hitasura ni Anata wo Omou Anata wa Watashi no Subete (O Baba) Anata wa Watashi no Ai (O Baba) Anata to Hitotsu ni Naru, Sai Watashi no Ai | F21: aao-pyaarey-nayana-hamarey.mp3 | G21: Sai | H21: Sanskrit / Hindi | I21: Darbari | J21: 8 Beat / Keherwa / Adi | K21: Intermediate | L21: Slow | M21: 6 Pancham / A | N21: 3 Pancham / E | O21: S R2 G1 R2 G1 R2 S n1 n1 S R2 S R2 S n1 d1 m1 m1 m1 n1 d1 p pIn the Key of C:C D E♭ D E♭ D C B♭ B♭ C D C D C B♭ G# F F F B♭ G# G G | P21: Lowest Note: m1 / F (lower octave)Highest Note: P / G* Western notes are in the Key of C | Q21: https://dl.radiosai.org/RADIO_SAI_BHAJAN_CLASSROOM_354_AAO_PYARE_NAYAN_HAMARE.mp3 | R21: #sheet-music-row | S21: lead-music multi-lingual sheet-music tutorial | T21: Song Glossary aao: welcome baba: lord sai baba - the divine father bin: without hamarey: our; (var) hamara, hamari kaun: who koi: somebody nahin: no, not; (var) nahi nayan: eye; (var) nayana, nayanon, nayanom, nayanabhi pyaara: loving; (var) pyaarey, pyaari (f); pyaar - love rakhwaley: protector sahara: support; (var) saharey sai: sa + aai = divine mother tum: you, thou; (var) tu, tuj; tubhyam, tumhey - to you; tujhey, tujko - for you; | U21: debug_aao_pyaarey_nayana_hamarey.html
A22: https://sairhythms.sathyasai.org/song/aao-sai-gopal | B22: Aao Sai Gopal | D22: Welcome O Sai Gopal, the most merciful Lord who is who is the form of Lord Shiva and the protector of the Universe. | E22: Aao Sai Gopal Aao Gopal Aao Gopal Aao Sai Gopal [ Aao Sai ... ] Aao Hey Prabhu Parama Dayal Aao Natavara Lal Aao Shankara Aao Abhayankara Aao Shiva Shankara Sai | F22: aao-sai-gopal.mp3 | G22: Krishna | H22: Sanskrit / Hindi | I22: Desh | J22: 8 Beat / Keherwa / Adi | K22: Intermediate | L22: Medium Fast | M22: 1 Pancham / C | N22: 5 Pancham / G | P22: Lowest Note: n2 / B (lower octave)Highest Note: G2 / E (higher octave)* Western notes are in the Key of C | R22: #sheet-music-row | S22: sheet-music | T22: Song Glossary aao: welcome abhayankara: one who protects by removing all fear; (var) abhayankari (f) dayal: compassionate one: (var) dayala, dayalam, dayalana, dayalo, dayalu, dayaludey, dayalane (tamil), dayakari (f), dayalakari (f) gopal: name of krishna which means protector of the cowherd; (var) gopala, gopalana, gopalam hey: a heartfelt callout, usually followed by a name or description like 'hey rama', or 'hey merciful lord' lal: son, child, dear one; (var) lala natavara: supreme dancer/actor referred esp. to lord krishna parama: supreme, principal, chief, best, highest; (var) param, paramam prabhu: lord, master; (var) prabho sai: sa + aai = divine mother shankara: name of lord shiva, one who bestows auspiciousness; (var) shankar, shankaraya, shankaram shiva: lord shiva - one of the trinity who is the destroyer - the name shiva means auspiciousness; (var) shiv, shivaya, shivaraj, shivaraja, shivarajam, shivom, shivani (f) - of shiva | U22: debug_aao_sai_gopal.html
A23: https://sairhythms.sathyasai.org/song/aao-sai-hrudaya-mandir-mey | B23: Aao Sai Hrudaya Mandir Mey | D23: Welcome, Lord Sai. Please kindle the flame of wisdom in the temple of my heart. You are my life breath, my father, mother, divine guide and kith and kin. Your divine Feet are my pilgrimages. | E23: Aao Sai Hrudaya Mandir Mey Antar Jyothi Jalao Sai [ Aao Sai ... ] Mata Pitha Guru Prana Sakha Sai Sab Tiratha Merey Terey Charan Mey | G23: Sai, Guru | H23: Sanskrit / Hindi | T23: Song Glossary aao: welcome antar: inner, difference charan: feet; (var) charana, charanam, charanon guru: preceptor; (var) guruvara – belonging to the guru / guru’s hrudaya: heart jalao: to light or burn; (var) jalavo; jalavun - i will light jyothi: divine light; (var) jyoth, jyotir mandir: temple; (var) mandira mata: mother; (var) matey mera: my, mine; (var) mere, merey, meri, mero pitha: father pran: vital force, life; (var) prana, praana sab: all, everybody or everything sai: sa + aai = divine mother sakha: friend; (var) sakhi (feminine) tera: yours; (var) terey, teri, tero (your) tiratha: holy sites, pligrimage sites; (var) tirtha | U23: debug_aao_sai_hrudaya_mandir_mey.html
A24: https://sairhythms.sathyasai.org/song/aao-sai-narayana-darshan-deejo | B24: Aao Sai Narayana Darshan Deejo | D24: Welcome Sai Narayana grant us Your Darshan. You are Brahma, Vishnu, Shiva, Rama, Krishna and You are the one who creates and organizes the universe. | E24: Aao Sai Narayana Darshan Deejo Tum Ho Jagat Vidhata (2) Tum Hi Ho Brahma Tum Hi Ho Vishnu Tum Hi Ho Shankara Roopa (2) Aao Sai Narayana Darshan Deejo Tum Ho Jagat Vidhata (2) Tum Hi Ho Brahma Tum Hi Ho Vishnu Tum Hi Ho Shankara Roopa (2) Tum Hi Ho Rama Tum Hi Ho Krishna Tum Ho Vishwa Vidhata (2) Come Sai Lord Incarnate Give Us Your Darshan You Are The Lord Of Creation (2) You Are That Rama You Are That Krishna You Are Our Lord And Provider (2) You Are Creator You Are Protector You Are Destroyer Of Darkness (2) | F24: aao-sai-narayana-darshan-deejo.mp3 | G24: Sai | H24: Sanskrit / Hindi | I24: Mohanam / Bhoop | J24: 8 Beat / Keherwa / Adi | K24: Intermediate | L24: Medium | M24: 4 Pancham / F | N24: 7 Pancham / B | P24: Lowest Note: p / G (lower octave)Highest Note: S / C (higher octave)* Western notes are in the Key of C | R24: #sheet-music-row | S24: multi-lingual sheet-music | T24: Song Glossary aao: welcome brahma: one of the trinity who is the creator, it also refers to the supreme lord - brahman; (var) brahmam darshan: to appear, to see; (var) darshana, darshanam, darsha - to show deejo: please give; (var) dedo hai: is, are; (var) hi; hain - we are ho: you are; (alternative) so be it jagat: world; (var) jagath, jagatha, jag, jaga krishna: name of the eighth incarnation of lord vishnu, son of devaki and vasudeva narayana: lord vishnu; (var) narayan, narayanam, narayanaya rama: name of the seventh incarnation of lord vishnu, son of dasharatha and kausalya; (var) ram roopa: figure, embodiment; (var) roopam, roopini (f) sai: sa + aai = divine mother shankara: name of lord shiva, one who bestows auspiciousness; (var) shankar, shankaraya, shankaram tum: you, thou; (var) tu, tuj; tubhyam, tumhey - to you; tujhey, tujko - for you; vidhata: one who bestows or sustains; (var) vidhayaka vishnu: lord vishnu, one of the trinity who is the preserver vishwa: world; (var) vishwam | U24: debug_aao_sai_narayana_darshan_deejo.html
A25: https://sairhythms.sathyasai.org/song/ab-woon-d%E2%80%99ba-she-maya | B25: Ab-woon d’ba-she-maya | D25: Father in Heaven, May Your Name be holy, May Your Kingdom come, May Your Will be done as it is in Heaven, so also on the Earth. Give us the bread that we need from day to day. Forgive us our wrongs, just as we have forgiven those who have wronged us. Do not let us enter into temptation, but separate us from error. For Yours is the Kingdom, the Power, and the Glory From age to age, Amen. | E25: Ab-woon d'ba-she-maya Net-qa-dash she-mukh Tay-tay mal-ku-takh (x2) Ne-way tzev-ya-nach ay-kan-na d'ba-she-ma-ya af b'ar-ha Hav-lan lach-ma d'sun-qa-nan yao-ma-na Wash-boq-lan khau-beyn ay-kan-na daf kh-nan shwo-qan l'khay-ya-bayn Way-la tach-lan l'nes-yu-na, eh-la patzan min bi-sha Me-tul di-lakh-ee mal-ku-ta, wah-haila, wa-tesh-buch-ta L'ah-lam al-min, ah-meyn | U25: debug_ab-woon_dba-she-maya.html
A26: https://sairhythms.sathyasai.org/song/abhaya-pradayini-ananda-roopini | B26: Abhaya Pradayini Ananda Roopini (Kapi) | D26: Oh Mother, you are the one who bestows protection from fear, you are bliss personified having eyes resembling the lotus petal. Oh goddess, of Parthi you are the remover of sins and the one who revels in our hearts. | E26: Abhaya Pradayini Ananda Roopini Rajeeva Lochani Raja Rajeshwari Parthi Pureeshwari Paapa Vimochani Hrudaya Viharini Sai Janani (2) | F26: abhaya-pradayini-ananda-roopini.mp3 | G26: Devi | H26: Sanskrit / Hindi | I26: Kapi | J26: 8 Beat / Keherwa / Adi | K26: Advanced | L26: Medium | M26: 1 Pancham / C | N26: 5 Pancham / G | R26: #sheet-music-row | S26: sheet-music | T26: Song Glossary abhaya: protection anand: bliss; (var) ananda, anandam, anando dayini: one who gives (feminine); (var) pradayini, vidayini hrudaya: heart janani: mother lochana: eye; (var) lochani (feminine) – one with such eyes; (var) vilochana paapa: sin pureeshwara: lord of a place or city; (var) purishwara, pureeshwari, purishwari (f) puttaparthi: birthplace of bhagawan sri sathya sai baba; (var) parti, parthi, parthipuri raja: king, emperor; (var) raya, rajadhi raja – king of kings rajeeva: a blue lotus rajeshwari: lord of kings (feminine) sai: sa + aai = divine mother swaroopa: figure, embodiment; (var) swarupa, swaroopam, swaroopanin (tamil); roopini, swaroopini, svarupini (feminine) vihara: one who resides; (var) viharana, vihari, viharini (f) vimochana: one who liberates; (var) vimochani (f), mochani (f), vimochanam | U26: debug_abhaya_pradayini_ananda_roopini.html
A27: https://sairhythms.sathyasai.org/song/abhaya-pradayini-ananda-roopini-0 | B27: Abhaya Pradayini Ananda Roopini (Yaman Kalyan) | D27: Mother Sai is the embodiment of Truth, the one who bestows protection from fear and bliss personified. She is verily Mother Parvathi, the daughter of Daksha (Ice Mountain) and destroyer of worldly miseries. Victory to this Universal Mother Bhavani, the Goddess of Parthi. | E27: Abhaya Pradayini Ananda Roopini Sai Mata Sathya Sai Mata Himagiri Nandini Bhava Bhaya Bhanjani Jaya Jagat Janani Devi Bhavani Parthi Pureeshwari Sai Janani | F27: abhaya-pradayini-ananda-roopini-0.mp3 | G27: Devi | H27: Sanskrit / Hindi | I27: Yaman Kalyan | J27: 8 Beat / Keherwa / Adi | K27: Advanced | L27: Medium Slow | M27: 3 Pancham / E | N27: 7 Pancham / B | R27: #sheet-music-row | S27: sheet-music | T27: Song Glossary abhaya: protection anand: bliss; (var) ananda, anandam, anando bhanjana: one who destroys; (var) bhanjani (f) bhava: being, becoming, birth, world bhavani: goddess parvathi bhaya: fear dayini: one who gives (feminine); (var) pradayini, vidayini devi: goddess himagiri: mount kailasa jagat: world; (var) jagath, jagatha, jag, jaga janani: mother jaya: victory; (var) jayam, jayatu mata: mother; (var) matey nandini: a daughter, a divine cow owned by sage vasishta pureeshwara: lord of a place or city; (var) purishwara, pureeshwari, purishwari (f) puttaparthi: birthplace of bhagawan sri sathya sai baba; (var) parti, parthi, parthipuri sai: sa + aai = divine mother sathya: truth, short form of sathyanarayana – the childhood name of sri sathya sai baba; (var) sathyam swaroopa: figure, embodiment; (var) swarupa, swaroopam, swaroopanin (tamil); roopini, swaroopini, svarupini (feminine) | U27: debug_abhaya_pradayini_ananda_roopini.html
A28: https://sairhythms.sathyasai.org/song/abhaya-pradayini-mata-mahalakshmi | B28: Abhaya Pradayini Mata Mahalakshmi | D28: Mother Mahalakshmi (the Goddess of wealth) is the One who has decorated Herself grandly. She confers freedom from fear, Bliss and Grace in a torrent who is presently moving on Earth as Sai Mahalakshmi. | E28: Abhaya Pradayini Mata Mahalakshmi Alankara Roopini Mata Mahalakshmi [ Abhaya Pradayini ... ] Mata Mahalakshmi Sai Mahalakshmi Ananda Dayini Mata Mahalakshmi Amrutha Varshini Mata Mahalakshmi [ Mata Mahalakshmi ... ] | F28: https://raagabox.com/search/?mid=1002498 | G28: Devi | H28: Sanskrit / Hindi | I28: Amruthavarshini | J28: 8 Beat / Keherwa / Adi | K28: Advanced | L28: Medium | M28: 1 Pancham / C | N28: 5 Pancham / G | R28: #sheet-music-row | S28: sheet-music | T28: Song Glossary abhaya: protection alankara: decoration amrutha: nectar which gives immortality; also means sweet and soft, melodious or nectarine anand: bliss; (var) ananda, anandam, anando dayini: one who gives (feminine); (var) pradayini, vidayini mahalakshmi: consort of lord vishnu mata: mother; (var) matey sai: sa + aai = divine mother swaroopa: figure, embodiment; (var) swarupa, swaroopam, swaroopanin (tamil); roopini, swaroopini, svarupini (feminine) varshini: one who showers | U28: debug_abhaya_pradayini_mata_mahalakshmi.html
A29: https://sairhythms.sathyasai.org/song/abhayankara-sai-shiva | B29: Abhayankara Sai Shiva | C29: Prithvi | D29: Chant the name of Lord Sai who destroys the fear of birth and death. He is verily Lord Shiva who is eternal and indestructible, and swallowed the haalaa-hala poison to protect the world. He is adorned with the cobra and the Pinaka bow. Glory to Sai Shiva. | E29: Abhayankara Sai Shiva Avinashi Naga Bhooshana [ Abhayankara ... ] Hara Hara Shambho Haalaahala Dhara Pinaka Vaibhava Sai Shiva | F29: abhayankara-sai-shiva_1.mp3 abhayankara-sai-shiva.mp3 | G29: Shiva | H29: Sanskrit / Hindi | I29: Abheri / Bhimpalas | J29: 8 Beat / Keherwa / Adi | K29: Intermediate | L29: Medium | M29: 2 Pancham / D | N29: 6 Pancham / A | O29: G1 M1 N1 P M1 G1 R2 S R2 n1 S ~ G1 M1 M1 PIn the Key of C:E♭ F B♭ G F E♭ D C D B♭ C ~ E♭ F F G | P29: Lowest Note: n1 / B♭ (lower octave)Highest Note: G1 / E♭ (higher octave)* Western notes are in the Key of C | R29: #sheet-music-row | S29: lead-music abhayankara sai sheet-music | T29: Song Glossary abhayankara: one who protects by removing all fear; (var) abhayankari (f) avinashi: one who is indestructible bhooshana: ornament, decoration, jewel; being so decorated; (var) bhushana, vibhushana, vibhushani (f), bhooshani (f) dhara: bear, carry, earth, one who wears; (var) dhari, dharana, dharam, dharey, dharini (f) haalaahala: the poison emitted during the churning of the ocean which was swallowed by shiva hara: another name of lord shiva which means “to destroy”; (var) haraya naga: serpent pinaka: lord shiva’s bow sai: sa + aai = divine mother shambho: one who is goodness personified - refers to lord shiva; (var) shambhu shiva: lord shiva - one of the trinity who is the destroyer - the name shiva means auspiciousness; (var) shiv, shivaya, shivaraj, shivaraja, shivarajam, shivom, shivani (f) - of shiva vaibhava: grandeur; (var) baibhava | U29: debug_abhayankara_sai_shiva.html | V29: https://youtu.be/ceEbQXQ02yw
A30: https://sairhythms.sathyasai.org/song/abhinandan-hai-sai-hamara | B30: Abhinandan Hai Sai Hamara | D30: We celebrate this day, Your birthday, Lord Sai, our eternal teacher. Please shower Your blessings and wisdom, and teach us to meditate on You, and serve You. Bestow mercy and peace on us devotees, who are in Your Holy presence. | E30: Abhinandan Hai Sai Hamara Shubh Janam Din Aaj Tumhara Dhanya Dhanya Hai Sadguru Deva Sikha Rahey Jo Gnan Dhyan Seva Krupa Karo Ab Sab Bhakto Par As Liye Khade Hain Darbar [ Abhinandan Hai ... ] Ram Naam Dhan Dedo Baba Sab Ko Shanthi Dedo Baba Krupa Karo Ab Sab Bhakto Par | G30: Sai, Guru | H30: Sanskrit / Hindi | T30: Song Glossary aaj: today ab: now abhinandana: to praise, gratitude baba: lord sai baba - the divine father bhakthon: devotees; (var) bhakto, bhaktho darbar: court deejo: please give; (var) dedo deva: god; (var) dev, devo, devam dhan: money, wealth; (var) dhana dhanya: blessed dhyan: meditation; (var) dhyana, dhyanam, dhyanamey din: day gnana: wisdom; (var) gyaan, gnaan, gnan, gnanam hai: is, are; (var) hi; hain - we are hamarey: our; (var) hamara, hamari janam: birth; (var) janama, janana jo: whoever karo: do; make it happen; (var) kar; kiya - did; karomi, karey - let us do khada: standing krupa: compassion; (var) kripa liye: took, also means for (eg. for us, for you); (var) liya naam: name; (var) naama, naamam par: on raho: stay, remain; (var) rahjao, rehna; rahey, rahte - have been staying, rahenge - we will stay rama: name of the seventh incarnation of lord vishnu, son of dasharatha and kausalya; (var) ram sab: all, everybody or everything sadguru: true teacher/mentor/preceptor sai: sa + aai = divine mother seva: service shanthi: peace shubh: good, auspicious, pleasant; (var) shubha, shubham; shubhakari, shubankari - goddess who bestows auspiciousness sikha: teach; (var) sikhao; sikhaya, sikhladiya - have taught tumhara: your, thy; (var) tumhare, tumharey, tumhari | U30: debug_abhinandan_hai_sai_hamara.html
